index	leisure_count_1500	additional_education_raion	price_doc
6	3	6	5500000
12	0	2	5100000
18	0	2	7900000
24	1	1	6000000
30	0	2	6200000
36	0	1	5700000
42	0	3	5900000
48	1	3	5300000
54	0	1	4800000
60	0	1	14000000
66	0	2	1000000
72	9	1	2600000
78	0	2	7800000
84	0	4	9000000
90	1	1	3775000
96	1	1	500000
102	0	3	5950000
108	1	3	7200000
114	0	3	4750000
120	1	11	990000
126	0	3	8000000
132	0	3	2000000
138	2	1	5000000
144	1	3	1500000
150	0	1	4450000
156	0	3	6900000
162	0	4	9850000
168	1	3	6500000
174	0	8	5600000
180	0	16	2000000
186	1	8	1200000
192	0	2	1000000
198	0	2	6700000
204	0	3	5500000
210	0	1	1000000
216	0	1	360000
222	0	1	11640000
228	0	4	1100000
234	2	2	7500000
240	1	1	6000000
246	1	2	6170000
252	0	6	8600000
258	0	3	7400000
264	0	1	6500000
270	12	3	7200000
276	1	3	6579000
282	0	5	4500000
288	3	2	4650000
294	4	1	1000000
300	1	8	1000000
306	0	1	8700000
312	0	3	2000000
318	0	5	1000000
324	0	3	5800000
330	0	3	6500000
336	1	0	5100000
342	0	0	6000000
348	1	16	990000
354	1	0	7500000
360	0	3	4650000
366	0	3	7600000
372	1	4	10000000
378	1	2	11413900
384	0	1	1000000
390	0	2	5650000
396	0	2	7400000
402	0	0	5100000
408	1	1	5700000
414	0	0	1000000
420	0	2	4800000
426	0	1	4170000
432	1	4	3900000
438	0	4	11500000
444	1	3	5300000
450	2	3	7700000
456	0	1	5890000
462	0	1	4950000
468	0	0	5050000
474	0	2	1000000
480	0	3	14300000
486	1	3	990000
492	0	0	5000000
498	2	2	999000
504	0	0	5625000
510	0	16	14200000
516	0	2	2000000
522	1	4	5900000
528	0	5	4320000
534	0	6	4800000
540	1	1	7200000
546	3	2	7650000
552	0	2	6900000
558	0	3	1000000
564	0	1	2000000
570	0	2	5100000
576	2	4	2000000
582	0	5	7200000
588	1	11	2000000
594	0	0	4414000
600	0	4	4200000
606	2	2	13400000
612	3	0	21000000
618	0	2	990000
624	1	1	16118400
630	1	3	6200000
636	0	1	6300000
642	0	0	1000000
648	0	2	1000000
654	0	2	7500000
660	1	0	5550000
666	2	8	4900000
672	1	2	2000000
678	1	0	4600000
684	2	2	5500000
690	1	0	5550000
696	0	6	4900000
702	0	4	3150000
708	0	6	6650000
714	0	1	7400000
720	0	2	4250000
726	7	1	24000000
732	11	2	9000000
738	0	3	4250000
744	2	0	4950000
750	0	2	4800000
756	1	4	8965200
762	1	4	6450000
768	3	1	4650000
774	0	0	3700000
780	0	3	5500000
786	0	1	23500000
792	0	1	6600000
798	1	0	4500000
804	0	6	11700000
810	27	4	2060000
816	0	1	5200000
822	0	3	7485000
828	0	2	6050000
834	1	1	18668824
840	0	0	9200000
846	0	0	5300000
852	0	0	6300000
858	0	4	552312
864	0	16	9090000
870	1	3	2000000
876	0	1	7900000
882	1	3	7800000
888	0	0	5800000
894	0	6	5495850
900	0	3	5400000
906	0	1	990000
912	0	1	5750000
918	1	1	13500000
924	0	4	3300000
930	0	2	6830000
936	0	2	5000000
942	1	8	2775000
948	35	16	17500000
954	2	2	16000000
960	1	0	7200000
966	0	5	2200000
972	0	1	5000000
978	1	3	6050000
984	0	5	8500000
990	3	0	4800000
996	1	4	4150000
1002	0	2	7300000
1008	1	4	16000000
1014	0	1	11100000
1020	1	1	6780000
1026	0	0	5400000
1032	0	3	5800000
1038	0	4	1000000
1044	0	5	2735000
1050	0	3	6900000
1056	0	0	6500000
1062	0	4	6200000
1068	0	2	5650000
1074	1	3	5700000
1080	1	0	1000000
1086	0	1	3625000
1092	0	4	7000000
1098	0	10	7644000
1104	0	6	8200000
1110	7	1	7400000
1116	0	2	8300000
1122	0	6	7500000
1128	13	3	7150000
1134	0	3	4400000
1140	1	10	12300000
1146	0	4	9700000
1152	2	5	8100000
1158	0	2	2980000
1164	0	2	5000000
1170	0	2	6400000
1176	8	16	22500000
1182	1	11	9000000
1188	2	0	6300000
1194	1	4	11000000
1200	2	5	30975000
1206	0	1	1100000
1212	0	3	5750000
1218	0	3	5300000
1224	0	0	5550000
1230	1	4	5700000
1236	0	2	999000
1242	1	3	1000000
1248	1	5	7200000
1254	0	0	2000000
1260	0	2	990000
1266	0	8	1000000
1272	0	7	11900000
1278	1	0	4800000
1284	1	4	14350000
1290	1	1	4500000
1296	0	4	9100000
1302	1	3	1000000
1308	1	2	6650000
1314	5	4	2750000
1320	3	0	5700000
1326	2	4	7600000
1332	0	3	10000000
1338	0	2	8800000
1344	0	2	3400000
1350	12	2	7520000
1356	2	5	2000000
1362	0	1	5800000
1368	1	4	8300000
1374	0	11	10000000
1380	2	11	5500000
1386	1	4	4500000
1392	0	3	7300000
1398	1	4	5000000
1404	2	2	6350000
1410	0	16	990000
1416	0	1	5400000
1422	0	0	1000000
1428	2	16	8650000
1434	0	16	5900000
1440	0	2	7850000
1446	0	1	6500000
1452	0	1	6500000
1458	1	1	4600000
1464	0	3	8700000
1470	0	3	11000000
1476	4	1	5300000
1482	2	5	6150000
1488	0	5	500000
1494	1	2	6302400
1500	3	0	6050000
1506	0	0	6000000
1512	0	2	8300000
1518	0	2	1500000
1524	16	1	22836368
1530	0	2	6700000
1536	16	1	8100000
1542	0	1	10350000
1548	0	3	2000000
1554	1	0	4100000
1560	1	11	5900000
1566	0	6	8800000
1572	4	1	6000000
1578	0	0	12300000
1584	0	6	3433333
1590	0	2	2700000
1596	0	4	338570
1602	1	1	7038000
1608	11	2	14400000
1614	0	4	5450000
1620	0	1	6600000
1626	3	3	990000
1632	0	2	20690584
1638	0	5	25300000
1644	0	4	2000000
1650	1	2	6302400
1656	0	0	4370000
1662	0	2	5900000
1668	1	4	5200000
1674	1	1	4666666
1680	0	1	2000000
1686	4	1	3321833
1692	0	0	5700000
1698	0	2	5200000
1704	5	1	3000000
1710	0	3	7500000
1716	1	2	14000000
1722	0	16	6700000
1728	2	5	7700000
1734	1	0	5300000
1740	1	2	4500000
1746	0	3	6600000
1752	0	2	1000000
1758	1	3	5500000
1764	0	2	11500000
1770	0	11	990000
1776	0	2	990000
1782	0	4	8500000
1788	1	3	7019600
1794	0	1	4500000
1800	8	4	11850000
1806	5	4	15228000
1812	1	3	6950000
1818	1	1	6500000
1824	1	3	8700000
1830	2	11	6900000
1836	0	0	5450000
1842	0	2	7700000
1848	1	3	6000000
1854	0	4	7200000
1860	0	0	999000
1866	0	3	5100000
1872	0	3	4400000
1878	0	2	5150000
1884	0	3	9300000
1890	0	7	7800000
1896	2	2	5400000
1902	1	1	5300000
1908	0	5	6700000
1914	0	3	4300000
1920	0	3	1000000
1926	0	3	4500000
1932	0	3	5300000
1938	0	1	10500000
1944	0	1	1000000
1950	0	2	2000000
1956	0	4	9025000
1962	0	0	9000000
1968	0	6	5750000
1974	0	2	6100000
1980	1	4	7400000
1986	0	2	1000000
1992	0	3	8700000
1998	1	1	8400000
2004	0	2	10900000
2010	0	3	1000000
2016	4	1	5300000
2022	0	1	2235600
2028	0	6	6850000
2034	0	1	9200000
2040	1	1	4550000
2046	0	6	5900000
2052	1	0	2400000
2058	1	3	6300000
2064	1	3	3000000
2070	0	1	4950000
2076	0	1	5650000
2082	1	2	13000000
2088	1	4	12000000
2094	0	4	9300000
2100	0	2	5850000
2106	0	1	13800000
2112	0	5	5600000
2118	1	2	111111112
2124	4	6	9750000
2130	0	0	1000000
2136	1	11	5400000
2142	0	0	1000000
2148	0	3	5200000
2154	1	1	6600000
2160	0	16	4100000
2166	1	1	6100000
2172	0	2	9061000
2178	0	6	5250000
2184	0	0	5200000
2190	0	1	5900000
2196	0	3	5900000
2202	3	4	7900000
2208	2	4	6250000
2214	0	2	1000000
2220	0	16	6150000
2226	1	11	1000000
2232	0	4	4250000
2238	0	6	5900000
2244	0	1	9300000
2250	1	1	4800000
2256	1	1	1000000
2262	0	2	10700000
2268	0	0	1000000
2274	1	3	1000000
2280	11	16	19800000
2286	1	4	6300000
2292	0	3	5500000
2298	1	4	8400000
2304	3	0	22000000
2310	0	2	2000000
2316	0	6	6300000
2322	1	1	7000000
2328	1	2	15100000
2334	0	3	4800000
2340	4	1	6550000
2346	0	1	18327100
2352	0	3	6250000
2358	2	2	4500000
2364	0	3	1000000
2370	0	3	990000
2376	0	1	5900000
2382	4	1	5000000
2388	20	16	10750000
2394	0	16	8300000
2400	11	1	1350000
2406	0	5	8500000
2412	0	3	5650000
2418	0	2	6776000
2424	1	0	6500000
2430	1	1	6600000
2436	0	1	20786084
2442	0	2	12800000
2448	1	3	6850000
2454	0	3	4500000
2460	0	1	5900000
2466	0	1	5278130
2472	0	3	8259294
2478	0	2	4900000
2484	0	7	6000000
2490	0	1	6500000
2496	1	1	7200000
2502	0	0	6200000
2508	0	1	15000000
2514	1	2	9450000
2520	0	1	14992026
2526	0	5	6450000
2532	5	1	5580000
2538	0	2	6800000
2544	2	3	7900000
2550	0	5	2100000
2556	0	1	4750000
2562	8	1	19500000
2568	0	4	476902
2574	1	2	4200000
2580	1	2	1000000
2586	2	5	8600000
2592	0	0	2500000
2598	2	4	8800000
2604	1	3	5750000
2610	0	3	5950000
2616	0	2	2000000
2622	1	5	7300000
2628	0	1	1000000
2634	3	2	2000000
2640	1	4	6000000
2646	1	4	12500000
2652	0	3	7900000
2658	0	3	7200000
2664	1	4	7100000
2670	0	2	5000000
2676	0	6	11266500
2682	1	2	5700000
2688	0	8	12200000
2694	1	3	2500000
2700	0	3	9150000
2706	1	4	6100000
2712	0	6	6100000
2718	0	1	5800000
2724	1	0	6200000
2730	0	2	5300000
2736	1	0	10000000
2742	10	1	33364718
2748	0	4	395685
2754	0	3	1180000
2760	0	6	2000000
2766	1	3	5900000
2772	0	2	4000000
2778	0	4	675205
2784	0	2	6500000
2790	2	2	15800000
2796	1	1	6200000
2802	0	1	2000000
2808	0	4	6900000
2814	3	3	6150000
2820	0	3	11112750
2826	0	0	5829000
2832	0	5	7400000
2838	0	3	7500000
2844	0	1	5200000
2850	0	2	5350000
2856	1	3	2800000
2862	0	2	5650000
2868	0	5	1300000
2874	0	2	3465787
2880	0	0	6900000
2886	0	2	3112727
2892	1	4	5800000
2898	0	4	4492730
2904	20	16	14500000
2910	0	3	2000000
2916	1	3	2716000
2922	0	1	5300000
2928	0	1	5800000
2934	27	4	18850000
2940	0	2	6200000
2946	0	1	5500000
2952	0	2	6100000
2958	2	2	7200000
2964	1	11	5600000
2970	1	0	5650000
2976	0	2	15200000
2982	1	3	4600000
2988	0	3	8500000
2994	1	3	2000000
3000	0	1	4500000
3006	1	5	15000000
3012	0	0	5690000
3018	8	1	8460000
3024	0	3	9500000
3030	0	4	3680600
3036	1	2	7070000
3042	1	1	7152236
3048	0	4	1200000
3054	0	2	6100000
3060	0	3	6300000
3066	0	3	6350000
3072	0	2	1000000
3078	0	0	10300000
3084	1	4	5500000
3090	0	0	6600000
3096	0	1	5500000
3102	0	2	7800000
3108	0	6	5300000
3114	0	4	6000000
3120	0	3	5775000
3126	0	3	6500000
3132	0	3	1000000
3138	1	1	36000000
3144	1	3	2910000
3150	0	1	4500000
3156	0	2	3929727
3162	0	0	5798496
3168	0	3	6000000
3174	0	0	7500000
3180	0	1	4950000
3186	0	4	5900000
3192	2	4	2000000
3198	0	4	990000
3204	0	3	8350000
3210	0	0	6350000
3216	0	0	1700000
3222	0	5	8750000
3228	0	3	5000000
3234	0	7	9220000
3240	0	2	5470906
3246	1	2	990000
3252	1	3	2716000
3258	0	4	300000
3264	0	4	3880225
3270	0	3	5600000
3276	0	2	5195108
3282	0	2	3112727
3288	0	2	13402420
3294	2	2	990000
3300	0	4	897661
3306	0	2	4900539
3312	20	16	3112727
3318	0	2	3024938
3324	0	3	4900000
3330	4	1	5000000
3336	0	2	3745266
3342	0	2	4900539
3348	0	16	5400000
3354	0	0	3263575
3360	1	3	6000000
3366	0	6	8625000
3372	0	0	3486000
3378	0	0	5798496
3384	0	4	7300000
3390	1	0	13000000
3396	0	2	6225640
3402	0	4	12000000
3408	0	3	8740561
3414	2	1	1000000
3420	0	10	12000000
3426	5	4	8300000
3432	0	0	5171932
3438	0	0	5936700
3444	0	16	6050000
3450	0	2	3912000
3456	1	3	11444900
3462	0	0	3047800
3468	0	3	1000000
3474	0	2	3693301
3480	0	6	6229540
3486	1	3	11491200
3492	0	3	3582211
3498	1	3	11113200
3504	0	0	9800000
3510	0	3	4586720
3516	0	2	5150000
3522	0	8	6000000
3528	0	3	3526332
3534	0	2	6437697
3540	0	2	3965223
3546	0	3	6700000
3552	0	0	3321161
3558	0	5	5450000
3564	0	0	2859202
3570	7	1	1200000
3576	0	1	5700000
3582	0	4	14000000
3588	0	1	3000000
3594	1	0	8800000
3600	0	2	3796433
3606	0	2	3698119
3612	20	16	3460400
3618	0	4	2420035
3624	0	3	5950000
3630	0	6	5900000
3636	0	4	5746200
3642	0	1	4535599
3648	0	2	5100000
3654	0	1	4353671
3660	2	5	6800000
3666	1	1	4700000
3672	0	2	990000
3678	0	5	4000000
3684	0	3	1000000
3690	0	0	10500000
3696	0	3	8700000
3702	0	0	5850000
3708	0	4	9500000
3714	0	5	10400000
3720	0	4	6800000
3726	0	3	8450000
3732	0	1	4522950
3738	0	2	6138617
3744	1	3	2570500
3750	0	0	5289900
3756	0	2	6470000
3762	0	0	3151550
3768	0	6	7450000
3774	0	2	4706609
3780	0	2	6780400
3786	0	6	4267020
3792	0	2	3867317
3798	0	2	4173449
3804	0	0	4099904
3810	1	1	10400000
3816	0	4	3888500
3822	1	2	10133350
3828	3	1	5000000
3834	2	5	8150000
3840	0	0	3309600
3846	1	0	4950000
3852	1	3	6000000
3858	0	3	4840278
3864	1	0	11600000
3870	1	2	1000000
3876	0	2	3274574
3882	0	0	5814000
3888	0	0	6000000
3894	0	0	7900000
3900	4	1	3000000
3906	0	3	1000000
3912	0	0	6734800
3918	0	3	4676422
3924	1	3	14490576
3930	0	4	3888500
3936	0	2	8250000
3942	0	2	6780400
3948	0	0	1900000
3954	0	4	5724240
3960	20	16	5770800
3966	0	3	5450000
3972	0	2	6650000
3978	0	3	5700000
3984	0	3	3465955
3990	0	2	3929727
3996	0	11	3000000
4002	3	2	10000000
4008	0	2	5885398
4014	0	2	3491971
4020	0	1	8900000
4026	0	2	6780400
4032	0	4	6052830
4038	0	3	4694466
4044	1	1	8100000
4050	24	2	19879000
4056	1	2	11150000
4062	0	5	7300000
4068	0	0	5397700
4074	1	3	2716000
4080	0	0	5494505
4086	0	0	3992300
4092	0	2	3112727
4098	0	2	3362876
4104	0	4	6255627
4110	0	2	7800000
4116	0	2	13000000
4122	0	3	4530557
4128	20	16	5153050
4134	0	1	8300000
4140	0	2	4419429
4146	0	0	3670489
4152	0	0	3660300
4158	0	2	3769375
4164	1	0	6400000
4170	1	0	4070000
4176	0	2	5000000
4182	0	4	4994650
4188	0	0	7884000
4194	1	3	2910000
4200	0	6	7700000
4206	1	0	5800000
4212	0	6	10708100
4218	0	4	4994650
4224	0	0	5289900
4230	0	6	11500000
4236	0	0	5186850
4242	20	16	4630272
4248	1	3	2716000
4254	0	2	6700000
4260	0	0	990000
4266	0	1	5680000
4272	11	4	8100000
4278	0	1	4560000
4284	0	2	3946975
4290	0	1	5821200
4296	0	0	4025500
4302	0	0	19100000
4308	0	2	5000000
4314	20	16	3295985
4320	0	0	6136900
4326	0	2	5200000
4332	20	16	5501549
4338	1	1	5800000
4344	1	0	6300000
4350	0	2	3912000
4356	0	2	4779062
4362	0	0	4503212
4368	0	5	5447553
4374	0	1	3274574
4380	0	0	4773449
4386	1	1	5300000
4392	0	2	3274574
4398	12	3	7700000
4404	0	2	5000000
4410	0	0	4545000
4416	0	0	2864850
4422	0	1	12950000
4428	0	16	7550000
4434	0	0	5289900
4440	0	3	5600000
4446	0	2	4900539
4452	0	3	3710221
4458	0	0	3204295
4464	0	3	3529096
4470	1	3	6800000
4476	0	1	4535599
4482	0	0	3333550
4488	0	0	4241830
4494	0	6	5200000
4500	0	0	5559427
4506	1	2	7600000
4512	1	2	6708520
4518	0	3	13220865
4524	1	4	7750000
4530	1	8	5650000
4536	0	2	7205744
4542	20	16	5675710
4548	0	4	2979870
4554	0	6	8550000
4560	0	4	6300000
4566	20	16	5761879
4572	1	1	9000000
4578	0	0	3824700
4584	0	0	4266307
4590	0	3	5900000
4596	0	0	4025500
4602	0	4	6254850
4608	0	0	4732843
4614	0	1	4216648
4620	0	0	5770800
4626	0	6	3000000
4632	1	2	6100000
4638	0	3	4000000
4644	0	2	3850875
4650	0	2	4975100
4656	0	3	4321603
4662	4	3	7800000
4668	0	2	7900000
4674	0	2	6500000
4680	1	3	12000000
4686	0	0	4437750
4692	0	2	6205910
4698	0	2	1200000
4704	20	16	4203264
4710	0	0	5289900
4716	0	2	12080900
4722	0	0	5344991
4728	2	2	7200000
4734	1	0	8300000
4740	0	1	4867623
4746	0	0	3797364
4752	0	1	5850000
4758	0	1	7000000
4764	0	3	4129514
4770	0	6	6150000
4776	0	3	6400000
4782	0	3	1564318
4788	0	4	6415200
4794	0	3	6864922
4800	0	3	3212086
4806	0	0	5289900
4812	20	16	4175085
4818	0	0	5667750
4824	0	0	3575200
4830	20	16	5582756
4836	4	1	6050000
4842	0	3	3491499
4848	0	2	11640000
4854	0	3	7154490
4860	20	16	3501317
4866	0	3	6830000
4872	1	0	5800000
4878	0	0	3834600
4884	0	1	4465176
4890	0	0	4417850
4896	0	0	4700000
4902	0	4	5074710
4908	0	0	3849322
4914	0	1	11300000
4920	0	1	5850000
4926	0	0	3250193
4932	0	3	4061318
4938	0	0	4676798
4944	0	0	4107117
4950	0	1	7800000
4956	0	3	7700000
4962	0	2	5238440
4968	0	2	3912000
4974	20	16	4777414
4980	0	0	3063350
4986	20	16	4206298
4992	0	3	7200000
4998	0	3	3763692
5004	0	6	9650000
5010	0	0	3220800
5016	1	1	12200000
5022	0	0	3371310
5028	20	16	4238148
5034	0	3	5100023
5040	0	0	2756612
5046	0	3	6400000
5052	1	0	6000000
5058	0	1	5000000
5064	2	2	5000000
5070	0	0	3398250
5076	0	0	3358760
5082	0	2	5299000
5088	0	3	12000000
5094	0	0	4275567
5100	0	2	3708250
5106	0	2	3925640
5112	0	3	3713908
5118	0	6	5990400
5124	0	0	5580178
5130	0	1	4588500
5136	0	2	7650000
5142	1	3	6030000
5148	0	0	5564090
5154	4	0	6600000
5160	0	2	4975100
5166	0	6	6700000
5172	1	3	14715300
5178	0	0	5798496
5184	0	4	4160000
5190	0	4	6399200
5196	20	16	5501938
5202	0	0	5174400
5208	0	0	4764911
5214	0	3	6550000
5220	1	0	999000
5226	1	0	1000000
5232	0	4	5571000
5238	0	6	7836075
5244	0	0	5390950
5250	0	2	11540000
5256	0	0	5131106
5262	20	16	3849123
5268	0	3	4305093
5274	0	4	9500000
5280	0	0	4000000
5286	0	2	6550000
5292	0	3	3000000
5298	0	2	4909600
5304	0	3	3772513
5310	0	1	3800000
5316	0	2	5140640
5322	0	3	3180570
5328	1	3	5600000
5334	0	2	4975100
5340	20	16	4975100
5346	1	1	22351504
5352	0	0	4284622
5358	0	1	3347231
5364	0	0	5063160
5370	0	3	4828733
5376	0	2	4000000
5382	0	0	3068450
5388	0	4	4074000
5394	0	2	7200000
5400	0	0	4078880
5406	0	2	7714000
5412	0	1	24331890
5418	0	2	3347231
5424	0	1	3347231
5430	0	3	3919343
5436	0	4	4015800
5442	0	2	3059062
5448	0	2	5429440
5454	0	4	6200000
5460	0	3	3952069
5466	0	0	4695789
5472	0	2	3872800
5478	0	4	7800000
5484	1	4	6800000
5490	0	0	3347400
5496	0	2	4242000
5502	0	0	1944192
5508	0	0	5564090
5514	3	0	7100000
5520	0	3	3555356
5526	0	6	5405000
5532	0	3	5400000
5538	0	0	4183434
5544	0	6	20000000
5550	0	4	5200000
5556	0	0	5773743
5562	0	3	5650000
5568	0	3	4606672
5574	0	4	4160000
5580	0	3	4520842
5586	0	0	3189420
5592	0	3	9000000
5598	1	3	5700000
5604	0	11	5950000
5610	8	1	37000000
5616	0	2	8500000
5622	1	11	5650000
5628	1	4	7900000
5634	0	0	4139318
5640	0	4	5500000
5646	0	3	3800000
5652	1	4	10500000
5658	0	0	7600000
5664	1	4	3700000
5670	7	3	21800000
5676	1	0	2000000
5682	0	3	7800000
5688	0	1	6150000
5694	0	2	6430220
5700	0	2	7250000
5706	0	0	4654410
5712	0	4	7100000
5718	0	1	4743026
5724	0	2	3296675
5730	0	0	3790560
5736	0	2	5400000
5742	1	4	16600000
5748	0	0	5615729
5754	0	2	5711875
5760	0	1	1000000
5766	0	2	3716550
5772	0	0	4772250
5778	1	0	23800000
5784	0	2	6355450
5790	0	6	8001045
5796	0	1	7800000
5802	0	6	8126300
5808	0	0	5759466
5814	1	3	10200000
5820	0	4	5014900
5826	0	2	5000000
5832	0	0	4450000
5838	1	1	1100000
5844	0	0	5678197
5850	0	3	3180200
5856	1	4	10300000
5862	0	2	1000000
5868	0	4	3921225
5874	0	0	3292672
5880	0	2	5900000
5886	1	1	7300000
5892	0	3	6330478
5898	0	0	4570000
5904	0	2	3842500
5910	0	0	4178300
5916	0	6	10400000
5922	0	6	6300000
5928	0	0	5514300
5934	14	2	7200000
5940	1	3	11000000
5946	0	4	6376392
5952	0	0	5100000
5958	0	2	5989750
5964	1	1	2000000
5970	0	0	5350000
5976	1	3	5650000
5982	0	1	1000000
5988	0	6	5550000
5994	0	3	3000000
6000	0	0	6900000
6006	0	0	8256000
6012	0	2	7520000
6018	0	0	4418750
6024	1	4	5350000
6030	0	2	4296616
6036	0	0	3515120
6042	0	16	8500000
6048	0	0	3444000
6054	0	1	6500000
6060	4	1	1000000
6066	0	4	5481567
6072	0	0	4892160
6078	2	5	1000000
6084	0	2	12000000
6090	0	1	15500000
6096	0	3	2000000
6102	0	2	4238000
6108	0	1	25564740
6114	0	4	7000000
6120	0	2	12700000
6126	15	1	10300000
6132	34	16	17000000
6138	0	0	4095840
6144	0	1	16529487
6150	0	0	3000000
6156	0	6	6501134
6162	0	4	6452246
6168	0	0	2999560
6174	1	2	7650000
6180	1	2	5450000
6186	0	3	3177750
6192	1	2	2000000
6198	0	0	5467000
6204	0	4	3951780
6210	0	2	3887840
6216	0	1	5700000
6222	0	1	9300000
6228	0	0	5514300
6234	3	2	23500000
6240	1	0	2000000
6246	0	1	7730000
6252	0	0	5905900
6258	0	3	11044620
6264	0	0	3019420
6270	3	1	8800000
6276	1	4	7400000
6282	5	1	5300000
6288	0	3	7700000
6294	0	4	5596318
6300	0	6	9569244
6306	0	3	10424152
6312	0	0	5890500
6318	0	3	14000000
6324	1	8	3950000
6330	0	4	5596318
6336	0	2	12864950
6342	0	4	7500000
6348	0	0	3749000
6354	5	1	6442778
6360	0	2	7700000
6366	0	0	1200000
6372	0	1	8250000
6378	0	3	7100000
6384	0	4	4074000
6390	0	2	4238000
6396	0	4	6300000
6402	20	16	4438680
6408	0	3	7700000
6414	2	2	11500000
6420	1	4	6000000
6426	0	5	3000000
6432	0	4	4964751
6438	0	4	6482898
6444	1	3	5750000
6450	0	1	5000000
6456	1	2	11147240
6462	0	3	6875000
6468	2	5	5500000
6474	0	4	6330996
6480	0	6	10298750
6486	0	7	6600000
6492	0	4	10096509
6498	1	1	12550000
6504	1	4	4600000
6510	1	16	5500000
6516	0	2	5412360
6522	0	0	4078880
6528	0	4	6453216
6534	0	2	8500000
6540	0	3	2000000
6546	0	0	4862251
6552	5	0	14300000
6558	0	1	7000000
6564	0	4	4074000
6570	0	2	4938480
6576	0	5	6500000
6582	0	4	6200000
6588	0	4	5150000
6594	0	4	6330996
6600	0	1	9933233
6606	0	3	3385430
6612	0	4	8981446
6618	1	0	6900000
6624	0	2	8300000
6630	0	4	4292832
6636	1	4	5800000
6642	0	1	4541680
6648	0	3	8354175
6654	0	6	8150000
6660	0	2	6109213
6666	0	2	7957600
6672	0	0	5300000
6678	1	3	22500000
6684	0	4	7487910
6690	0	2	7800000
6696	2	2	12700000
6702	0	3	4027547
6708	0	0	4117000
6714	0	3	6200000
6720	0	0	8300000
6726	20	16	5406690
6732	0	4	4134140
6738	2	1	5500000
6744	0	0	5667530
6750	0	4	5541804
6756	0	0	3600000
6762	0	1	7566000
6768	0	3	4056320
6774	0	4	6330996
6780	0	2	12500000
6786	0	3	7000000
6792	0	16	7050000
6798	0	4	3951780
6804	0	4	5022369
6810	1	0	4500000
6816	0	4	4074000
6822	0	4	5657816
6828	0	3	4056320
6834	0	0	4438680
6840	0	0	5150000
6846	0	7	2000000
6852	0	4	3809190
6858	6	1	19800000
6864	0	4	3951780
6870	0	2	4941720
6876	0	6	7638823
6882	1	1	6600000
6888	0	0	4419450
6894	0	0	3580000
6900	0	2	13583544
6906	0	6	7650158
6912	1	3	2000000
6918	0	0	3258980
6924	0	4	6000000
6930	0	2	7900000
6936	0	2	5382945
6942	0	1	7100000
6948	0	4	7485975
6954	1	3	7100000
6960	0	1	5850000
6966	0	0	10095500
6972	0	6	6481793
6978	0	0	5851250
6984	0	1	7579575
6990	0	4	6290256
6996	0	0	1000000
7002	0	2	7050000
7008	0	0	4454420
7014	2	0	6600000
7020	0	0	4095840
7026	0	4	3000000
7032	0	4	10300000
7038	0	2	6800000
7044	0	4	5300000
7050	1	2	11147240
7056	0	0	3399800
7062	0	2	11000000
7068	1	3	4800000
7074	0	6	2357000
7080	0	0	3469400
7086	0	0	4835000
7092	12	2	1000000
7098	0	0	4234060
7104	0	3	7100000
7110	0	6	5800000
7116	1	4	5450000
7122	0	6	7650158
7128	0	3	3888152
7134	0	1	6100000
7140	0	0	5467000
7146	0	4	4000000
7152	0	3	6200000
7158	1	0	7800000
7164	0	6	8124773
7170	0	0	4903200
7176	1	4	8000000
7182	0	16	7500000
7188	0	0	3421000
7194	0	4	3951780
7200	0	0	3276000
7206	0	3	6291113
7212	1	3	5300000
7218	0	2	5250000
7224	0	0	5750000
7230	0	6	7768453
7236	0	3	2000000
7242	0	6	6900000
7248	0	0	6338000
7254	2	0	6450000
7260	0	0	6109730
7266	1	3	6800000
7272	0	6	7768459
7278	1	8	5500000
7284	0	1	6700000
7290	0	6	4671264
7296	0	2	2000000
7302	0	0	4095840
7308	0	10	1000000
7314	0	0	4600320
7320	0	2	7929340
7326	0	4	6900000
7332	0	7	7800000
7338	0	1	4300000
7344	0	1	4500000
7350	0	0	5397700
7356	0	0	5364100
7362	0	0	6900000
7368	0	2	2000000
7374	0	2	5984000
7380	0	4	5450000
7386	0	2	1000000
7392	2	5	8730000
7398	0	3	4900000
7404	0	2	1300000
7410	0	0	3938000
7416	0	2	6800000
7422	0	2	3955200
7428	0	3	13800000
7434	0	3	8629070
7440	20	16	38154376
7446	0	4	4074000
7452	20	16	5277000
7458	0	4	990000
7464	0	4	6440024
7470	0	0	4324400
7476	0	3	8400000
7482	3	2	11500000
7488	0	0	4550000
7494	0	3	7546900
7500	0	4	9043800
7506	0	0	1000000
7512	0	4	3989416
7518	0	4	5326755
7524	0	2	5835375
7530	2	2	8200000
7536	0	2	6460756
7542	0	0	5170446
7548	0	0	5920400
7554	0	3	4965514
7560	0	0	4112800
7566	0	4	4112800
7572	0	0	4500000
7578	8	2	15550000
7584	0	6	8414038
7590	0	3	2000000
7596	0	2	4600000
7602	0	3	5045779
7608	0	6	6600000
7614	0	3	4334218
7620	0	3	6550000
7626	0	0	3998610
7632	4	1	7300000
7638	0	0	5306140
7644	0	6	9400000
7650	0	2	7030733
7656	0	4	4178760
7662	0	0	3661729
7668	0	0	6477010
7674	1	8	5400000
7680	0	3	6206739
7686	1	5	11000000
7692	0	2	2900000
7698	0	2	3955200
7704	1	3	5200000
7710	0	6	5900000
7716	0	6	11000000
7722	0	3	9400000
7728	0	2	2400000
7734	0	2	8200000
7740	0	3	7550000
7746	0	5	8850000
7752	1	1	7500000
7758	0	0	2956200
7764	0	1	6100000
7770	0	0	5570432
7776	0	4	7487910
7782	0	0	5397700
7788	0	0	3542440
7794	0	5	13500000
7800	0	0	9133200
7806	0	4	5073100
7812	0	4	9900000
7818	0	0	3600000
7824	0	3	11224425
7830	5	2	14050000
7836	0	0	5397700
7842	0	1	14800000
7848	0	4	5780812
7854	0	0	5395135
7860	0	4	4463261
7866	0	3	5080434
7872	0	3	3948464
7878	0	4	5181546
7884	0	3	1300000
7890	0	0	6627200
7896	0	0	4419450
7902	1	3	8200000
7908	0	4	4178760
7914	0	0	4057200
7920	0	0	3928500
7926	0	0	3844800
7932	0	0	4112800
7938	0	6	8245317
7944	0	0	4600320
7950	0	2	5212083
7956	0	1	5962320
7962	2	1	7700000
7968	0	0	3399660
7974	33	16	13300000
7980	0	0	2370275
7986	0	0	5430300
7992	0	2	9200000
7998	2	3	12000000
8004	0	1	22642734
8010	0	3	5890221
8016	3	1	6400000
8022	0	3	3177750
8028	0	2	4000000
8034	0	0	2937600
8040	0	3	5800000
8046	1	5	1000000
8052	0	3	4339148
8058	0	4	3989416
8064	0	4	6378720
8070	0	1	8900000
8076	0	4	5242286
8082	0	4	6400000
8088	1	3	7500000
8094	0	4	5500000
8100	0	2	5571520
8106	0	3	3593000
8112	0	1	8157700
8118	0	3	5201409
8124	0	3	8000000
8130	0	4	4601301
8136	0	2	6530000
8142	0	2	6500000
8148	0	0	4095840
8154	0	0	5836600
8160	0	6	4117984
8166	0	0	3661729
8172	1	2	9503000
8178	0	2	6450000
8184	0	6	8418514
8190	0	2	3506250
8196	0	1	4550000
8202	0	0	4095840
8208	0	4	4565790
8214	0	2	7995820
8220	0	4	6750000
8226	0	2	7250000
8232	0	0	3841809
8238	0	6	6307891
8244	0	2	8242000
8250	0	2	4069800
8256	0	0	5844400
8262	0	0	3372600
8268	0	4	5541464
8274	0	4	5288828
8280	0	3	7300000
8286	0	0	2969823
8292	0	6	8723160
8298	0	3	6163542
8304	0	4	5835520
8310	0	5	6500000
8316	0	6	4817241
8322	0	5	11300000
8328	0	4	6495943
8334	2	1	7200000
8340	0	2	13705560
8346	2	2	6400000
8352	3	5	990000
8358	0	16	9100000
8364	0	0	4806012
8370	0	3	5100000
8376	0	6	5350000
8382	0	2	3502000
8388	1	2	8000000
8394	12	2	4000000
8400	0	4	3754870
8406	0	3	5950000
8412	1	16	10400000
8418	1	1	5485000
8424	0	2	3639042
8430	0	4	3613056
8436	0	2	6450000
8442	0	1	5162936
8448	0	10	4500000
8454	2	2	7600000
8460	0	4	6606864
8466	2	5	4569600
8472	1	1	6600000
8478	0	4	6426541
8484	1	1	5400000
8490	0	4	3650692
8496	4	0	6800000
8502	0	0	6477010
8508	0	3	5900000
8514	1	2	6200000
8520	1	3	14186006
8526	0	0	3856798
8532	0	3	6300000
8538	0	3	3900000
8544	1	3	2500000
8550	0	2	1300000
8556	0	0	3228750
8562	0	0	3780000
8568	0	3	6020188
8574	0	3	8663288
8580	0	3	4850000
8586	0	3	4850000
8592	0	2	6864577
8598	0	0	2000000
8604	0	4	3500148
8610	8	2	7500000
8616	5	4	10800000
8622	0	4	4027052
8628	0	4	3622465
8634	0	6	7250000
8640	0	0	2956800
8646	0	3	4411384
8652	0	6	6697852
8658	0	4	5227330
8664	0	1	7100000
8670	0	1	10150000
8676	0	2	5700000
8682	0	1	7000000
8688	0	2	5587488
8694	0	2	8720000
8700	0	3	7200000
8706	0	4	4151600
8712	0	2	5300000
8718	0	3	2000000
8724	0	1	5450000
8730	3	1	11000000
8736	0	6	12854856
8742	3	4	7700000
8748	0	3	4066326
8754	0	8	7600000
8760	20	16	6656137
8766	1	2	6700000
8772	0	1	3339842
8778	0	2	5800000
8784	0	3	2105000
8790	0	4	10300000
8796	0	2	7195850
8802	0	4	4112800
8808	1	16	8300000
8814	2	0	8830000
8820	1	3	10000000
8826	1	4	13250000
8832	0	2	1000000
8838	0	1	7000000
8844	0	2	5644042
8850	6	4	11900000
8856	0	3	8100000
8862	1	0	7500000
8868	0	3	9600000
8874	0	2	4147320
8880	1	3	6300000
8886	0	3	4200000
8892	0	3	3000000
8898	0	1	6300000
8904	15	4	10150000
8910	0	4	6135997
8916	12	2	37300000
8922	0	1	7200000
8928	44	2	22800000
8934	0	4	5600000
8940	0	16	6350000
8946	1	5	5750000
8952	0	2	4101416
8958	0	2	5866250
8964	0	2	5235870
8970	0	2	4500000
8976	0	2	5800000
8982	0	3	4411384
8988	0	7	10500000
8994	0	2	5950000
9000	0	0	3473000
9006	0	2	2000000
9012	1	4	10350000
9018	0	3	4092266
9024	0	6	11142352
9030	0	2	5637752
9036	0	1	5600000
9042	1	0	1100000
9048	0	3	2000000
9054	1	4	17400000
9060	0	6	6870000
9066	0	0	3838211
9072	1	11	2850000
9078	0	0	3196725
9084	0	6	4757245
9090	0	2	6915935
9096	4	1	6100000
9102	1	2	6800000
9108	1	4	10165000
9114	0	0	6450000
9120	1	4	14726000
9126	0	0	2000000
9132	0	3	7600000
9138	1	3	6980000
9144	0	1	9880000
9150	1	0	5800000
9156	34	16	24435000
9162	1	0	2000000
9168	0	4	5350326
9174	0	4	5123831
9180	0	0	8000000
9186	0	1	4616521
9192	0	4	5534820
9198	0	0	2435073
9204	0	6	8362851
9210	0	0	3663900
9216	0	4	260000
9222	0	3	5673344
9228	0	2	30000000
9234	0	3	3753228
9240	0	3	1000000
9246	0	0	3420496
9252	0	2	4309670
9258	0	2	4456552
9264	5	4	7800000
9270	0	3	8000000
9276	20	16	6268100
9282	1	0	3196725
9288	0	3	12000000
9294	0	3	6400000
9300	1	2	10300004
9306	20	16	6864000
9312	0	4	4971638
9318	0	6	5085063
9324	0	3	6500000
9330	0	1	8200000
9336	0	4	7720812
9342	0	4	4686797
9348	2	1	7400000
9354	1	3	2630000
9360	0	6	5900000
9366	0	11	7100000
9372	0	0	6700000
9378	0	0	2427634
9384	0	0	3176250
9390	0	0	5600000
9396	0	2	2500000
9402	0	6	9388626
9408	0	2	5600000
9414	0	1	20016708
9420	0	3	3911258
9426	0	0	7332000
9432	0	4	11460000
9438	0	4	6914160
9444	0	2	6700000
9450	0	4	5534820
9456	0	3	6450000
9462	0	1	5825000
9468	0	1	5400000
9474	0	2	4458350
9480	8	1	8900000
9486	0	3	5200000
9492	0	4	4050000
9498	0	0	4161720
9504	0	4	4971638
9510	0	0	3133900
9516	1	5	2000000
9522	0	2	9000000
9528	0	2	5200000
9534	0	1	5534820
9540	0	3	2784410
9546	0	4	6650000
9552	0	2	1000000
9558	0	4	6697656
9564	0	4	3000000
9570	0	2	12000000
9576	1	5	5550000
9582	0	3	7750000
9588	1	0	7400000
9594	0	2	5692640
9600	1	0	3700000
9606	0	2	6300000
9612	0	0	4940760
9618	0	0	4565500
9624	0	4	5842989
9630	0	2	4900000
9636	0	2	4528745
9642	0	4	3752736
9648	0	0	3176250
9654	3	1	8900000
9660	0	4	5225293
9666	30	4	6120179
9672	0	4	4074000
9678	0	2	6700000
9684	0	4	4686797
9690	0	0	3820530
9696	1	3	3000000
9702	0	0	3369685
9708	0	3	6200000
9714	0	2	7050075
9720	0	1	6500000
9726	1	0	6050000
9732	29	2	3000000
9738	2	5	7100000
9744	1	5	7400000
9750	1	2	25500068
9756	1	4	8450000
9762	0	1	8900000
9768	0	4	4971638
9774	0	6	16000000
9780	0	3	7900000
9786	0	3	6200000
9792	1	1	9300000
9798	0	3	3410402
9804	0	4	4061390
9810	0	3	8000000
9816	0	0	5571000
9822	0	2	5100000
9828	0	3	4428053
9834	0	4	4914602
9840	0	5	2000000
9846	0	5	5850000
9852	0	6	6290000
9858	0	6	6416842
9864	0	0	3624600
9870	0	4	7067808
9876	0	4	5100153
9882	0	0	4214969
9888	0	0	4064999
9894	1	5	14500000
9900	0	4	6200000
9906	1	3	1400000
9912	0	2	5934880
9918	0	4	990000
9924	0	4	5903808
9930	0	2	7165650
9936	1	3	12876394
9942	0	4	4061390
9948	1	3	9500000
9954	1	3	5100000
9960	0	1	9600000
9966	0	1	6407228
9972	0	4	3984760
9978	1	0	8470000
9984	0	3	3422309
9990	0	4	7221456
9996	0	0	6051400
10002	1	2	5500000
10008	1	3	12500000
10014	0	6	10800000
10020	0	4	3824904
10026	0	0	5536917
10032	1	3	12581315
10038	0	6	3000000
10044	0	6	11904808
10050	0	0	5818300
10056	2	0	11500000
10062	20	16	6786000
10068	0	2	5995440
10074	0	2	5813760
10080	0	0	6250000
10086	2	2	7500000
10092	0	0	4167120
10098	0	4	6700000
10104	0	6	12500000
10110	0	2	1628742
10116	0	3	7150000
10122	0	0	3000000
10128	1	11	5500000
10134	0	4	4061390
10140	0	0	4777500
10146	0	4	5764128
10152	0	4	5764128
10158	3	6	8380000
10164	0	4	4328140
10170	0	3	7600000
10176	0	4	11878687
10182	0	6	8552548
10188	1	16	5500000
10194	0	1	10889766
10200	0	4	6769824
10206	0	1	18250000
10212	0	0	4080840
10218	0	6	9766681
10224	0	0	3190980
10230	1	4	4700000
10236	0	4	1000000
10242	1	3	14023796
10248	0	6	9000000
10254	0	0	3763200
10260	0	0	2400600
10266	2	2	8800000
10272	0	3	12400000
10278	1	5	3000000
10284	0	3	8200000
10290	2	2	44848000
10296	0	1	3105830
10302	0	2	8950000
10308	0	4	5903808
10314	0	6	8100000
10320	0	3	13336080
10326	0	6	6488865
10332	0	0	5738624
10338	0	2	7600000
10344	0	1	12824700
10350	0	1	2100000
10356	1	1	10700000
10362	2	0	6400000
10368	0	1	7100000
10374	0	4	3725000
10380	0	2	13500000
10386	0	4	5850000
10392	0	4	7257928
10398	0	1	5300000
10404	0	0	7251160
10410	0	0	2000000
10416	1	4	8250000
10422	0	2	5324115
10428	0	3	1000000
10434	0	0	7000000
10440	0	4	4500000
10446	1	0	4550000
10452	0	4	5782752
10458	1	0	1000000
10464	0	2	8200000
10470	0	6	12619328
10476	0	5	12900000
10482	2	0	5500000
10488	0	3	5900000
10494	1	0	2000000
10500	0	4	4061390
10506	0	0	5031342
10512	0	5	6500000
10518	0	2	6624540
10524	0	3	3763619
10530	0	4	14173785
10536	0	1	2832741
10542	0	5	10000000
10548	0	3	3000000
10554	1	3	6049200
10560	0	2	13750000
10566	0	0	2430775
10572	0	0	4074784
10578	0	2	8500000
10584	0	3	5319312
10590	1	3	5900000
10596	0	1	22315422
10602	0	2	15000000
10608	1	3	6900000
10614	1	3	7050000
10620	1	2	10050000
10626	0	1	8404200
10632	1	3	6300000
10638	0	3	5900000
10644	1	0	2000000
10650	0	0	8550000
10656	0	0	3732000
10662	0	4	5700000
10668	0	4	7103019
10674	0	0	4499000
10680	0	4	1000000
10686	0	1	21000000
10692	0	3	5500000
10698	0	3	12900000
10704	1	1	5600000
10710	0	3	17958104
10716	0	2	8500000
10722	1	1	7668000
10728	0	0	5107200
10734	0	2	6780400
10740	0	0	3648700
10746	0	7	8400000
10752	0	2	7319750
10758	0	2	6175000
10764	0	3	3695680
10770	1	4	6300000
10776	0	4	4771120
10782	20	16	6051476
10788	4	1	7700000
10794	0	5	7200000
10800	0	0	4498697
10806	0	2	6492000
10812	0	4	4061390
10818	0	0	4205561
10824	0	4	5959680
10830	0	1	6210000
10836	0	3	4261051
10842	0	4	4246466
10848	0	4	5900000
10854	0	7	13500000
10860	0	2	6200000
10866	0	2	1934849
10872	1	3	9100000
10878	2	2	6200000
10884	0	0	2623727
10890	0	3	8700000
10896	7	1	15000000
10902	0	4	5073100
10908	6	4	3000000
10914	0	3	11200000
10920	0	7	6900000
10926	1	3	10230000
10932	0	2	5160000
10938	9	4	21250000
10944	20	16	5850369
10950	0	6	10844900
10956	1	3	11135145
10962	0	16	7000000
10968	0	5	8300000
10974	3	6	9800000
10980	0	3	5229316
10986	0	0	2675843
10992	0	7	9100000
10998	0	3	6400000
11004	0	0	5300000
11010	0	2	1000000
11016	0	4	2000000
11022	5	4	8330000
11028	0	3	10284187
11034	0	3	7000000
11040	0	7	12300000
11046	0	3	5428864
11052	1	0	10400000
11058	0	0	5250000
11064	0	1	2832494
11070	0	1	6433700
11076	0	4	4138020
11082	0	0	6631999
11088	0	11	5750000
11094	0	0	4900000
11100	2	1	11150000
11106	0	4	5450000
11112	0	1	1000000
11118	1	2	10000000
11124	0	2	7000000
11130	0	4	4462000
11136	0	2	5200000
11142	3	1	5400000
11148	0	4	6500000
11154	0	4	3250000
11160	0	3	7800000
11166	0	2	2000000
11172	0	3	9300000
11178	0	3	3422309
11184	0	16	7400000
11190	20	16	4941388
11196	0	3	5990000
11202	0	3	3445000
11208	0	3	5511552
11214	0	6	6800000
11220	2	5	6950000
11226	0	5	5500000
11232	0	2	5000000
11238	0	1	3309648
11244	0	0	5391556
11250	0	2	1200000
11256	0	1	10500000
11262	1	0	11150000
11268	0	4	9000000
11274	0	6	8400000
11280	0	2	2000000
11286	0	2	5875000
11292	0	5	1000000
11298	0	4	4480081
11304	0	2	11340000
11310	0	11	6400000
11316	0	4	9382422
11322	0	2	8650000
11328	0	0	7000000
11334	1	4	7600000
11340	0	6	2100000
11346	2	2	15325000
11352	0	0	3635764
11358	0	0	9400000
11364	1	3	5000000
11370	0	2	2358750
11376	0	1	6530000
11382	0	2	8141068
11388	0	2	6000000
11394	0	2	5050000
11400	0	4	4294760
11406	0	4	5174562
11412	0	1	1100000
11418	0	4	5300000
11424	0	1	5900000
11430	0	2	8505346
11436	7	1	2000000
11442	0	2	5550000
11448	0	0	1000000
11454	0	3	7000000
11460	0	0	6600000
11466	0	3	8150000
11472	0	4	4328140
11478	0	2	5450000
11484	0	3	2000000
11490	0	3	5513854
11496	1	2	7958800
11502	0	0	7048482
11508	1	2	14249084
11514	0	2	11400000
11520	2	0	11000000
11526	0	0	5798496
11532	10	3	15200000
11538	0	2	9000000
11544	0	7	7900000
11550	0	3	9864900
11556	0	2	6750000
11562	0	2	6200000
11568	0	0	3092752
11574	0	0	9950000
11580	1	5	9800000
11586	0	3	5600000
11592	0	2	6329375
11598	0	2	8800000
11604	0	6	8200000
11610	1	2	7879212
11616	0	0	2630000
11622	8	2	13300000
11628	0	4	6732731
11634	0	2	6500000
11640	0	4	4626900
11646	0	3	6294856
11652	1	0	12750000
11658	0	3	7200000
11664	20	16	5903808
11670	1	1	9400000
11676	1	0	4500000
11682	0	0	5688181
11688	1	0	6200000
11694	7	0	6800000
11700	0	3	4750000
11706	0	3	2000000
11712	1	1	8150000
11718	0	1	4961435
11724	0	2	5800000
11730	0	3	6200000
11736	0	6	1000000
11742	1	4	5800000
11748	0	4	5174562
11754	0	3	6000000
11760	0	1	3681724
11766	0	4	5174562
11772	0	4	5879800
11778	0	3	9300000
11784	0	2	10000000
11790	0	2	5400000
11796	0	4	7500000
11802	0	0	5005000
11808	1	3	5600000
11814	2	4	10400000
11820	0	2	4951853
11826	0	4	5100000
11832	0	3	5800000
11838	0	1	4500000
11844	0	4	5903808
11850	2	0	11900000
11856	0	3	5425062
11862	0	4	7221456
11868	0	3	6500000
11874	0	3	6000000
11880	1	1	4450000
11886	0	2	6100000
11892	4	1	4700000
11898	0	4	2000000
11904	2	0	5200000
11910	0	0	4360150
11916	1	2	15900000
11922	20	16	5975009
11928	2	8	3000000
11934	2	0	7100000
11940	0	2	4033800
11946	1	5	8500000
11952	1	3	5700000
11958	0	0	5979178
11964	0	3	7300000
11970	2	2	14000000
11976	0	4	3000000
11982	3	0	7000000
11988	0	7	7350000
11994	0	4	4328140
12000	1	8	5100000
12006	0	0	8917028
12012	0	2	5550000
12018	0	1	11900000
12024	0	0	4870000
12030	0	0	3214482
12036	0	5	5078000
12042	0	1	4651658
12048	0	2	5000000
12054	0	4	4740002
12060	0	0	12150710
12066	0	2	5450000
12072	1	4	12400000
12078	0	4	7221456
12084	0	0	2000000
12090	0	4	8250000
12096	0	3	9600000
12102	0	2	3200000
12108	1	0	6800000
12114	1	0	6700000
12120	3	0	8000000
12126	0	3	8900000
12132	1	0	2000000
12138	0	4	5700000
12144	0	4	6282816
12150	1	5	7950000
12156	0	0	9782385
12162	0	5	9800000
12168	1	16	2000000
12174	0	0	3284140
12180	0	3	7300000
12186	0	4	5903808
12192	0	4	6400000
12198	0	1	10900000
12204	0	6	9000000
12210	2	2	8800000
12216	1	1	9600000
12222	0	0	12000000
12228	0	0	4500000
12234	0	1	8250000
12240	1	4	3600000
12246	1	3	7100000
12252	1	4	8000000
12258	0	4	6700000
12264	0	4	3958570
12270	0	4	5903808
12276	0	6	8407969
12282	1	3	5500000
12288	0	6	6900000
12294	0	2	5352860
12300	0	0	5422695
12306	3	2	10165777
12312	1	1	6125000
12318	0	2	8000000
12324	0	2	8400000
12330	0	0	5519581
12336	1	4	8500000
12342	0	3	10450000
12348	9	1	9850000
12354	0	5	10600000
12360	20	16	6176051
12366	0	3	6126899
12372	1	3	10000000
12378	0	2	17000000
12384	1	1	2000000
12390	1	1	4650000
12396	0	0	4059418
12402	0	1	6403400
12408	0	0	1000000
12414	1	4	2000000
12420	1	1	6400000
12426	0	5	7100000
12432	1	0	10400000
12438	0	2	5517392
12444	0	2	3200000
12450	0	5	13270000
12456	0	0	7400000
12462	0	1	3213128
12468	0	0	6341036
12474	0	5	5700000
12480	1	1	5900000
12486	0	3	3933367
12492	0	4	6145920
12498	1	1	7500000
12504	0	2	5200000
12510	0	0	2628673
12516	0	16	2000000
12522	0	1	1050000
12528	1	5	5650000
12534	2	2	11118937
12540	0	4	4138020
12546	0	4	5293021
12552	0	0	5647157
12558	0	3	6900000
12564	0	6	9897007
12570	0	1	1800000
12576	0	5	14400000
12582	0	1	5900000
12588	0	5	9000000
12594	1	2	4850000
12600	0	4	6145920
12606	0	4	11500000
12612	1	2	1000000
12618	0	2	9000000
12624	1	3	5800000
12630	0	2	25600000
12636	0	0	5900000
12642	0	2	8000000
12648	1	3	15300000
12654	0	2	11300000
12660	0	2	13350000
12666	0	2	7024000
12672	0	3	6600000
12678	0	16	10600000
12684	0	3	8000000
12690	1	1	9040000
12696	0	3	17500000
12702	0	0	5301000
12708	0	2	3752800
12714	0	2	7116200
12720	0	5	2000000
12726	0	3	4500289
12732	20	16	4107950
12738	1	2	6700000
12744	1	1	5300000
12750	0	0	9800000
12756	0	4	4740002
12762	0	0	5480132
12768	0	4	4462000
12774	0	10	8000000
12780	0	5	13500000
12786	0	16	5800000
12792	0	3	5400000
12798	0	1	8000000
12804	0	6	11214102
12810	0	2	14300000
12816	0	2	4414080
12822	1	3	20000000
12828	0	0	5600000
12834	4	1	2000000
12840	0	0	7600000
12846	0	4	9250000
12852	0	2	6500000
12858	2	11	5100000
12864	0	16	2000000
12870	0	0	3971520
12876	0	3	1000000
12882	0	1	6125000
12888	0	1	10607375
12894	0	1	5900000
12900	0	2	12300000
12906	0	5	5600000
12912	0	4	14750000
12918	0	4	5600000
12924	0	4	5400000
12930	0	6	6600000
12936	0	2	11350000
12942	0	0	5197584
12948	0	1	5788530
12954	0	2	7700000
12960	0	2	5897125
12966	0	3	9500000
12972	0	3	3700946
12978	1	3	13386350
12984	0	7	7700000
12990	1	4	10000000
12996	0	2	7319750
13002	0	1	5224088
13008	1	2	7500000
13014	0	2	7050000
13020	0	5	9750000
13026	0	1	13225000
13032	0	1	5450000
13038	1	11	5660000
13044	0	5	13300000
13050	0	3	2000000
13056	0	0	4850000
13062	0	3	4000000
13068	0	4	7300000
13074	0	2	5450000
13080	1	3	17561286
13086	0	0	1922515
13092	1	3	5750000
13098	1	0	6200000
13104	1	0	2000000
13110	0	2	7100000
13116	0	1	3513890
13122	0	5	5150000
13128	0	6	11620576
13134	1	3	8300000
13140	0	2	6763193
13146	0	3	6017748
13152	0	2	6800000
13158	0	6	11187390
13164	0	1	7000000
13170	0	1	4412844
13176	1	4	10450000
13182	0	4	4138020
13188	0	6	14700000
13194	0	5	12000000
13200	16	2	21000000
13206	0	4	7536900
13212	0	4	5944257
13218	1	1	5200000
13224	0	4	9609180
13230	0	3	12950000
13236	1	1	55000000
13242	0	2	2000000
13248	0	2	12852154
13254	1	1	7400000
13260	0	1	6200000
13266	0	2	12466150
13272	0	2	7150000
13278	0	2	6400000
13284	0	5	4000000
13290	0	6	11000000
13296	0	3	8500000
13302	0	2	2000000
13308	1	2	5350000
13314	0	2	6800000
13320	0	3	10800000
13326	0	0	6755868
13332	0	16	6575000
13338	0	1	2000000
13344	4	0	4800000
13350	0	3	3670370
13356	0	3	7200000
13362	0	0	3172400
13368	1	0	5900000
13374	0	0	4000000
13380	0	3	9870000
13386	0	2	6800000
13392	0	3	5800000
13398	0	0	8800000
13404	0	2	990000
13410	0	16	11500000
13416	0	2	5275000
13422	0	2	10350000
13428	0	4	4214650
13434	0	3	8800000
13440	0	3	6300000
13446	0	3	10300000
13452	0	1	7300000
13458	3	3	11970000
13464	1	2	7700000
13470	2	5	6700000
13476	0	16	12350000
13482	0	3	2500000
13488	1	4	3400000
13494	1	2	14487884
13500	0	1	5000000
13506	0	4	8600000
13512	0	1	4620000
13518	1	4	16000000
13524	0	4	2000000
13530	0	4	5100000
13536	1	1	6400000
13542	0	3	7500000
13548	0	4	6611520
13554	0	0	4155840
13560	0	1	6400000
13566	0	0	5980000
13572	0	0	7598923
13578	0	4	5326755
13584	5	4	11000000
13590	0	1	3901235
13596	3	2	6340000
13602	0	3	4169363
13608	0	2	2000000
13614	0	1	3513890
13620	0	6	7400000
13626	0	2	7450000
13632	0	4	9466650
13638	0	3	5050000
13644	0	3	5970000
13650	0	1	8088600
13656	0	2	6700000
13662	0	4	8100000
13668	1	3	6600000
13674	20	16	4252965
13680	0	2	8400000
13686	0	0	2011950
13692	0	2	4450000
13698	0	2	5576588
13704	0	3	7000000
13710	0	3	4400000
13716	20	16	3598268
13722	20	16	6321896
13728	0	4	18000000
13734	0	1	7900000
13740	0	3	8300000
13746	0	4	6350000
13752	0	1	5744468
13758	0	2	17000000
13764	1	1	5300000
13770	1	2	14378004
13776	0	0	4904900
13782	0	3	5288418
13788	2	5	5680000
13794	1	2	5200000
13800	0	1	1100000
13806	0	4	2000000
13812	0	1	9718000
13818	0	0	8378370
13824	0	4	5350000
13830	1	3	3600000
13836	0	0	2000000
13842	0	3	7200000
13848	0	3	2000000
13854	0	6	10300000
13860	0	1	5950000
13866	0	0	4015980
13872	0	5	5600000
13878	0	3	12370000
13884	0	1	1000000
13890	0	0	6777857
13896	0	0	10000000
13902	0	1	3500000
13908	0	0	3447398
13914	0	3	6015000
13920	1	3	1000000
13926	0	4	2000000
13932	1	0	1000000
13938	5	3	10700000
13944	0	5	13480320
13950	0	0	3825000
13956	0	2	6200000
13962	0	2	5480000
13968	0	0	3000000
13974	1	1	9050000
13980	0	2	6100000
13986	0	1	2000000
13992	1	3	6000000
13998	0	5	8000000
14004	0	3	5600000
14010	25	2	12790000
14016	0	4	12550000
14022	0	16	9100000
14028	1	3	9750000
14034	0	0	7200000
14040	1	4	6150000
14046	1	1	2000000
14052	4	1	4800000
14058	1	3	6200000
14064	0	4	6088302
14070	0	3	13500000
14076	1	3	1100000
14082	1	3	9200000
14088	1	5	7700000
14094	0	1	7756800
14100	0	3	5000000
14106	0	2	2322551
14112	1	0	10500000
14118	0	5	8200000
14124	1	3	6700000
14130	0	3	7400000
14136	0	4	4750284
14142	0	2	6400000
14148	0	2	4650000
14154	4	1	5570000
14160	0	3	5597328
14166	0	4	4851000
14172	1	2	12270000
14178	0	16	6600000
14184	2	6	16250000
14190	1	1	7050000
14196	0	2	6634240
14202	0	4	5700000
14208	0	2	1200000
14214	0	4	2000000
14220	0	0	4600000
14226	2	3	11700000
14232	1	1	12500000
14238	0	7	5150000
14244	0	4	6085800
14250	0	4	6036800
14256	0	2	5300000
14262	0	6	3000000
14268	0	2	8000000
14274	4	0	6100000
14280	0	0	5400000
14286	20	16	2029417
14292	0	4	5168100
14298	2	5	5000000
14304	0	4	8700000
14310	0	3	3950000
14316	0	1	10700000
14322	20	16	5042798
14328	0	1	7500000
14334	1	4	12500000
14340	0	4	3000000
14346	0	3	5120000
14352	1	2	5700000
14358	1	3	6620000
14364	1	1	5000000
14370	0	4	5597778
14376	0	3	5280576
14382	0	3	13214700
14388	0	1	6500000
14394	0	5	14900000
14400	1	1	7400000
14406	0	2	5950000
14412	2	5	13400000
14418	0	0	6800000
14424	0	4	7668990
14430	0	2	16500000
14436	0	4	7800000
14442	0	0	5820387
14448	1	2	6500000
14454	0	2	6100000
14460	0	3	12800000
14466	0	7	10200000
14472	0	0	5150000
14478	0	0	2496912
14484	0	1	16400000
14490	0	3	7400000
14496	0	1	4200000
14502	2	0	3950440
14508	0	4	4851000
14514	0	4	4214650
14520	0	6	6100000
14526	0	6	1000000
14532	7	2	9500000
14538	0	1	17520716
14544	0	4	6600000
14550	0	3	6700000
14556	0	1	5400000
14562	0	4	8650000
14568	0	3	5450865
14574	0	0	5850000
14580	0	5	11900000
14586	3	4	9500000
14592	0	1	4830000
14598	1	4	2000000
14604	0	4	13048100
14610	1	2	6900000
14616	4	1	6400000
14622	3	1	9800000
14628	0	2	7900000
14634	0	2	2000000
14640	1	0	1000000
14646	0	4	8650000
14652	1	4	7900000
14658	0	4	9400000
14664	0	3	2000000
14670	0	3	4500000
14676	0	3	12150000
14682	0	3	8765000
14688	1	1	7600000
14694	1	3	3000000
14700	0	2	8150000
14706	0	3	11200000
14712	1	3	4300000
14718	0	0	11985629
14724	0	16	6600000
14730	0	0	4301616
14736	1	2	8950000
14742	20	16	2552421
14748	0	3	9600000
14754	0	0	6867938
14760	0	2	5200000
14766	1	4	13850000
14772	8	2	11700000
14778	1	0	1000000
14784	8	2	8200000
14790	1	1	5900000
14796	1	0	3396503
14802	0	2	2000000
14808	0	2	7249140
14814	0	0	6200000
14820	0	0	8189555
14826	0	0	3350000
14832	1	4	2000000
14838	1	0	5000000
14844	0	1	11000000
14850	0	6	7000000
14856	20	16	4534920
14862	0	4	1000000
14868	1	1	7500000
14874	0	7	13000000
14880	0	2	6400000
14886	0	3	9900000
14892	0	3	6404363
14898	0	0	4021920
14904	1	2	9390000
14910	0	0	8550000
14916	0	2	4534720
14922	0	4	5500000
14928	0	0	6300000
14934	0	3	6100000
14940	0	0	4043752
14946	0	0	6000000
14952	0	7	7500000
14958	1	1	8500000
14964	0	0	5836596
14970	0	5	4500000
14976	0	2	4010000
14982	2	10	8980000
14988	0	0	3950000
14994	0	2	6900000
15000	0	1	10650000
15006	2	1	12000000
15012	0	0	4317880
15018	0	2	6050000
15024	3	4	8000000
15030	0	4	5100000
15036	0	6	10002971
15042	0	0	1958915
15048	0	4	5600000
15054	0	2	7000000
15060	0	1	8616000
15066	0	0	5600000
15072	2	2	5850000
15078	0	3	6250000
15084	0	4	6400000
15090	1	0	6000000
15096	1	5	4300000
15102	0	4	6200000
15108	0	6	8300000
15114	0	0	5430000
15120	0	3	5000000
15126	0	3	5150000
15132	0	4	7488400
15138	0	2	6200000
15144	0	1	4800000
15150	0	4	7682400
15156	1	3	20684376
15162	4	0	6400000
15168	1	5	8200000
15174	1	2	5199000
15180	0	2	6650000
15186	0	7	7400000
15192	5	0	6500000
15198	0	4	2000000
15204	1	0	6200000
15210	0	0	5200000
15216	0	0	5874275
15222	0	3	8000000
15228	0	6	9300000
15234	0	7	7950000
15240	7	0	11600000
15246	0	4	5168100
15252	0	2	7900000
15258	0	2	5450000
15264	0	0	7644305
15270	0	3	1000000
15276	2	5	9700000
15282	20	16	13400000
15288	0	2	6950000
15294	0	16	9500000
15300	32	16	27000000
15306	0	6	9663138
15312	1	4	8600000
15318	0	5	16751060
15324	0	4	7100000
15330	0	6	9300000
15336	0	2	2170000
15342	20	16	4368000
15348	0	1	27982054
15354	0	0	4450000
15360	17	16	7000134
15366	0	1	6400000
15372	0	2	14200000
15378	0	4	4800000
15384	2	0	8500000
15390	0	3	4800000
15396	0	3	9000000
15402	1	3	6200000
15408	0	3	10300000
15414	1	1	4500000
15420	0	0	3966899
15426	0	6	4400000
15432	0	3	4028114
15438	0	0	6361524
15444	1	1	5700000
15450	0	4	5997000
15456	0	3	7200000
15462	1	3	11500000
15468	0	6	13136752
15474	0	0	6400000
15480	0	4	6800000
15486	4	1	7950000
15492	0	1	6330704
15498	0	0	5600000
15504	0	3	4850900
15510	0	0	4371028
15516	0	3	2000000
15522	1	5	10900000
15528	1	3	6100000
15534	0	2	9700000
15540	1	0	5650000
15546	0	0	5729465
15552	0	1	6350000
15558	2	2	2000000
15564	0	0	4767480
15570	0	6	9316812
15576	0	1	13150000
15582	0	3	5700000
15588	1	4	15700000
15594	0	2	9800000
15600	0	2	4574633
15606	0	1	12000000
15612	0	0	4247593
15618	0	6	10132612
15624	0	0	5482000
15630	1	0	7500000
15636	0	3	5584348
15642	0	4	15000000
15648	2	11	5600000
15654	0	0	6424005
15660	0	4	5850000
15666	0	4	8300000
15672	0	0	3324028
15678	0	3	7800000
15684	1	3	5410882
15690	20	16	3000000
15696	0	4	12513804
15702	0	0	1200000
15708	1	3	7000000
15714	0	1	4438471
15720	0	2	4000000
15726	0	4	4542500
15732	0	2	4900000
15738	0	0	7750000
15744	1	4	8000000
15750	0	5	2000000
15756	1	0	6900000
15762	0	0	6264237
15768	0	0	6462362
15774	1	3	11800000
15780	0	0	6411198
15786	1	0	5000000
15792	0	3	7800000
15798	0	2	3690050
15804	0	3	7350000
15810	0	4	5313000
15816	0	4	6592000
15822	0	7	5650000
15828	13	2	7476000
15834	0	4	7100000
15840	0	1	5600000
15846	0	1	7100000
15852	0	2	6900000
15858	0	4	8400000
15864	0	1	4744593
15870	2	10	8000000
15876	0	16	4750000
15882	0	0	8800000
15888	0	3	3628436
15894	0	1	2000000
15900	1	0	5270000
15906	3	1	8250000
15912	0	16	13900000
15918	0	3	11300000
15924	0	2	6235000
15930	0	0	5695418
15936	0	1	5700000
15942	0	0	6523520
15948	0	4	2000000
15954	0	0	1100000
15960	0	3	6459867
15966	0	0	7150000
15972	0	1	2000000
15978	0	4	6272000
15984	0	0	6449555
15990	0	3	5664459
15996	1	0	30000000
16002	0	0	6792435
16008	3	16	11800000
16014	0	4	7721200
16020	0	0	5813845
16026	0	16	6250000
16032	0	0	1000000
16038	0	3	7200000
16044	1	3	6327582
16050	1	3	7000000
16056	1	1	11300000
16062	0	5	7782600
16068	1	3	4000000
16074	1	8	5650000
16080	0	7	13500000
16086	0	4	4423200
16092	1	3	5394866
16098	0	4	6757600
16104	1	2	8400000
16110	0	0	8762000
16116	0	5	6400000
16122	0	7	8570000
16128	0	0	1000000
16134	0	4	5335000
16140	0	0	5450000
16146	20	16	6422050
16152	0	0	7644305
16158	0	2	10000000
16164	0	2	2000000
16170	0	0	2907426
16176	0	3	4500000
16182	0	3	3952379
16188	0	4	10200000
16194	0	1	4695917
16200	0	1	5600000
16206	0	6	14131899
16212	1	2	10200000
16218	1	3	3880680
16224	2	4	34000000
16230	0	3	8607275
16236	0	0	4358970
16242	1	3	3000000
16248	0	2	5450000
16254	0	2	3450000
16260	0	1	8200000
16266	5	3	1000000
16272	20	16	1886643
16278	0	1	3759912
16284	0	1	3961107
16290	0	1	4695917
16296	0	0	5700000
16302	26	1	18700000
16308	1	3	5700000
16314	1	0	2000000
16320	0	2	2000000
16326	0	5	4000000
16332	0	1	6646253
16338	1	3	15800000
16344	0	2	5000000
16350	0	5	5800000
16356	1	0	5700000
16362	0	2	8828784
16368	0	0	6737939
16374	0	6	7700000
16380	0	0	11400000
16386	0	2	6400000
16392	0	3	6000000
16398	0	0	9800000
16404	0	5	7500000
16410	1	3	3888520
16416	0	0	2300000
16422	0	4	5900000
16428	0	2	6422050
16434	0	4	6344800
16440	0	2	10000000
16446	0	1	2000000
16452	1	1	7850000
16458	1	3	5340905
16464	1	3	6300000
16470	2	11	2000000
16476	0	2	11990000
16482	1	1	6300000
16488	0	4	4363663
16494	0	4	2070000
16500	0	6	13900000
16506	0	16	9000000
16512	1	1	7500000
16518	0	4	9600000
16524	0	2	24000000
16530	0	0	3673541
16536	0	0	6250000
16542	0	1	6800000
16548	0	3	5500000
16554	0	2	2000000
16560	0	2	7400000
16566	0	5	2000000
16572	1	3	5627328
16578	0	2	7450000
16584	3	2	5313000
16590	0	3	3594748
16596	0	2	13000000
16602	1	3	5000000
16608	20	16	4400000
16614	0	2	6300000
16620	0	1	8247200
16626	0	0	4517995
16632	1	3	7150000
16638	0	3	7500000
16644	0	2	8300000
16650	0	2	11650000
16656	1	3	5250000
16662	11	2	7100000
16668	12	1	7700000
16674	0	2	5630000
16680	0	1	8400000
16686	0	0	5000000
16692	1	1	15400000
16698	0	2	14000000
16704	1	1	7000000
16710	1	2	17048720
16716	3	0	9050000
16722	0	16	6650000
16728	0	4	6592000
16734	0	6	16800000
16740	0	3	4840000
16746	0	3	9350000
16752	0	2	4160396
16758	0	3	13000000
16764	0	2	10650000
16770	0	2	4899960
16776	0	2	7400000
16782	0	16	7000000
16788	0	3	3874775
16794	0	2	6800000
16800	1	3	8725000
16806	0	4	8354333
16812	20	16	13950000
16818	0	1	8300000
16824	0	4	5300000
16830	9	1	13500000
16836	0	3	7130000
16842	0	4	6400000
16848	0	3	7340000
16854	0	4	9500000
16860	0	1	4473000
16866	1	3	5550000
16872	0	1	8950000
16878	0	4	6085800
16884	4	1	8190000
16890	0	4	7682400
16896	0	2	3600000
16902	0	16	9200000
16908	0	4	5700000
16914	2	5	3000000
16920	1	1	4300000
16926	0	4	12400000
16932	2	11	10200000
16938	1	4	6350000
16944	0	0	2139192
16950	10	2	7555204
16956	1	16	1000000
16962	0	4	6850000
16968	0	0	9309625
16974	2	11	8050000
16980	0	4	7162480
16986	0	4	2724630
16992	0	3	6300000
16998	2	0	1000000
17004	0	0	5798495
17010	0	4	4400000
17016	0	4	8200000
17022	0	3	4257778
17028	0	0	4041807
17034	1	3	4037200
17040	0	3	5619205
17046	0	0	6202571
17052	0	2	12900000
17058	0	3	11000000
17064	2	1	2000000
17070	0	4	6272000
17076	0	3	5350000
17082	0	2	7100000
17088	2	5	5900000
17094	0	4	7401100
17100	0	1	4300000
17106	1	1	8099041
17112	0	3	7000000
17118	0	0	6075000
17124	1	5	14500000
17130	1	4	15500000
17136	2	5	12000000
17142	1	4	11300000
17148	0	1	3781635
17154	2	2	8400000
17160	0	2	6750000
17166	8	1	14000000
17172	0	2	6643500
17178	0	0	5406188
17184	3	0	7800000
17190	1	0	990000
17196	0	4	5850000
17202	20	16	6592000
17208	0	2	1000000
17214	0	1	5410484
17220	0	0	7243060
17226	0	8	4800000
17232	1	3	5485702
17238	0	5	10700000
17244	0	2	6400000
17250	0	2	4370781
17256	0	4	5900000
17262	2	1	16900000
17268	1	1	15000000
17274	1	8	6400000
17280	1	1	2000000
17286	0	0	7512700
17292	0	2	8300000
17298	2	5	19205462
17304	0	3	7400000
17310	0	0	2000000
17316	0	3	7700000
17322	0	1	12500000
17328	0	4	7200000
17334	0	1	7200000
17340	1	3	5645948
17346	0	0	5491831
17352	1	1	12000000
17358	0	2	6453225
17364	0	4	6592000
17370	2	2	7350000
17376	0	0	9000000
17382	0	2	7400000
17388	0	3	2000000
17394	0	3	7350000
17400	0	4	5753000
17406	0	4	10750000
17412	0	0	5432735
17418	0	0	9309625
17424	0	4	9900000
17430	0	0	5300000
17436	0	1	9500000
17442	0	3	5829243
17448	3	0	8400000
17454	0	0	5800000
17460	0	4	7682400
17466	0	6	7800000
17472	1	0	8700000
17478	0	2	7000000
17484	0	0	4800000
17490	0	0	2000000
17496	0	5	4865000
17502	4	0	11000000
17508	1	4	12250000
17514	0	4	7682400
17520	0	2	6300000
17526	0	2	6502259
17532	0	0	6750000
17538	16	1	9850000
17544	0	1	5500000
17550	0	2	7900000
17556	1	3	14400000
17562	9	1	17400000
17568	0	3	7400000
17574	0	4	6272000
17580	0	1	4858117
17586	0	2	13650000
17592	0	0	7316962
17598	0	4	6400000
17604	1	1	29500000
17610	0	2	990000
17616	0	3	2000000
17622	2	5	7050000
17628	0	0	3698264
17634	1	4	6250000
17640	0	16	10300000
17646	0	2	12300000
17652	0	4	8909400
17658	0	3	5900000
17664	0	5	8500000
17670	0	3	5650000
17676	0	2	28420000
17682	0	0	8122791
17688	0	4	9100000
17694	0	5	9000000
17700	0	4	7900000
17706	0	1	6330704
17712	1	0	12350000
17718	0	1	14800000
17724	0	3	7800000
17730	1	3	6600000
17736	2	1	11000000
17742	0	4	8820000
17748	0	0	4900000
17754	0	0	6852768
17760	1	8	7400000
17766	0	0	7284195
17772	0	1	5200000
17778	0	3	7800000
17784	0	1	13400000
17790	2	1	6100000
17796	0	3	7700000
17802	2	11	6500000
17808	0	2	4700000
17814	2	1	6700000
17820	1	2	16010549
17826	0	0	3750000
17832	0	3	7750000
17838	0	2	15124590
17844	16	16	17000000
17850	1	11	6600000
17856	2	1	15500000
17862	1	3	13615630
17868	0	0	6795090
17874	3	0	7800000
17880	0	0	8500000
17886	0	4	2000000
17892	0	16	12000000
17898	0	1	7900000
17904	0	1	8800000
17910	0	1	8000000
17916	0	0	9154210
17922	2	5	6500000
17928	0	0	6812637
17934	0	2	2018520
17940	0	0	3611995
17946	0	2	13000000
17952	1	3	2000000
17958	0	4	8300000
17964	0	2	9100000
17970	1	2	5500000
17976	0	0	3119860
17982	1	0	2000000
17988	0	4	4400000
17994	1	0	8700000
18000	0	1	4398000
18006	0	0	4850000
18012	0	0	7505546
18018	0	2	9800000
18024	0	3	10000000
18030	2	11	11550000
18036	0	0	6200000
18042	2	1	6700000
18048	1	1	4860000
18054	0	0	4201262
18060	0	2	4500000
18066	0	0	3000000
18072	2	2	10850000
18078	0	2	5850000
18084	0	2	6150000
18090	0	4	4400000
18096	0	4	4235000
18102	0	2	8800000
18108	0	3	8650000
18114	1	4	6600000
18120	0	5	8500000
18126	3	1	13000000
18132	0	0	5106439
18138	5	1	6400000
18144	0	4	2000000
18150	1	1	4600000
18156	12	3	10000000
18162	0	4	4700000
18168	0	1	6241050
18174	1	1	6200000
18180	1	0	11600000
18186	0	1	6200000
18192	1	0	6950000
18198	0	4	9700000
18204	0	0	7889900
18210	9	4	3000000
18216	0	0	4700058
18222	0	0	1000000
18228	0	3	8250000
18234	4	5	2200000
18240	0	3	5626421
18246	0	1	5600000
18252	0	3	3983996
18258	9	1	10000000
18264	0	4	15600000
18270	0	3	3421600
18276	0	2	5550000
18282	0	0	7558065
18288	0	0	5850000
18294	0	3	6500000
18300	0	6	9990000
18306	0	0	7014465
18312	0	2	6700000
18318	0	3	8500000
18324	0	4	6755206
18330	2	2	69818672
18336	1	4	5600000
18342	1	1	6900000
18348	0	3	4000000
18354	0	2	6850000
18360	0	2	9000000
18366	1	3	18469636
18372	0	0	7453219
18378	0	16	6100000
18384	1	4	10000000
18390	0	2	7650000
18396	1	3	8500000
18402	0	4	7743850
18408	0	5	8425620
18414	1	1	1200000
18420	0	4	10200000
18426	0	3	2000000
18432	0	1	2500000
18438	1	2	14800571
18444	0	0	5897862
18450	0	3	6200000
18456	0	4	8700000
18462	1	2	7150000
18468	0	0	3318635
18474	1	16	11000000
18480	0	2	6300000
18486	0	2	7000000
18492	0	0	7559063
18498	0	1	16250000
18504	0	2	8883798
18510	0	2	7741230
18516	0	0	6140072
18522	0	3	1150000
18528	5	1	17850000
18534	0	4	5640000
18540	0	3	5900000
18546	4	0	5200000
18552	0	4	6700000
18558	1	3	5654572
18564	3	6	10900000
18570	0	6	990000
18576	0	1	13200000
18582	0	6	4000000
18588	0	16	8500000
18594	0	2	14400000
18600	0	3	6500000
18606	0	0	8211559
18612	0	0	4399834
18618	0	1	8000000
18624	0	4	6100000
18630	0	0	5076940
18636	0	2	6100000
18642	0	1	5350000
18648	0	2	10500000
18654	0	2	6600000
18660	0	2	9300000
18666	0	1	5900000
18672	0	1	21000000
18678	0	4	6750000
18684	0	4	9100000
18690	1	5	15500000
18696	1	4	6150000
18702	0	0	6462080
18708	1	0	4600000
18714	1	1	9000000
18720	0	0	9239052
18726	0	1	7400000
18732	0	2	2896598
18738	0	6	12500000
18744	0	4	6272000
18750	0	1	8000000
18756	0	0	5521802
18762	0	1	990000
18768	1	0	7400000
18774	0	1	5317384
18780	3	0	4700000
18786	0	1	4762800
18792	0	3	9200000
18798	2	1	2000000
18804	0	0	2908763
18810	0	1	4000000
18816	0	3	7400000
18822	1	4	2800000
18828	0	0	14000000
18834	0	0	8988672
18840	1	3	1000000
18846	1	0	5400000
18852	2	0	6500000
18858	0	0	5500000
18864	0	3	5200000
18870	0	2	11000000
18876	0	2	6800000
18882	15	16	20250000
18888	0	5	2000000
18894	0	0	4088370
18900	1	3	6900000
18906	0	3	5833756
18912	0	7	8700000
18918	1	3	6400000
18924	0	3	5400000
18930	1	0	6100000
18936	0	3	8900000
18942	0	0	6881498
18948	0	0	4661048
18954	0	1	4542500
18960	0	0	6430000
18966	0	1	1000000
18972	0	2	9300000
18978	0	0	7400000
18984	0	3	10800000
18990	0	3	6800000
18996	1	3	7200000
19002	0	5	5638230
19008	0	0	10050000
19014	0	3	6900000
19020	0	3	5400000
19026	0	0	23500000
19032	0	0	5000000
19038	0	0	16000000
19044	0	2	4500000
19050	0	16	8700000
19056	19	16	9350000
19062	0	4	7100000
19068	1	0	4800000
19074	0	4	6000000
19080	0	3	5700000
19086	1	1	4250000
19092	0	6	8600000
19098	0	0	6300000
19104	0	2	7500000
19110	1	1	10400000
19116	0	5	7700000
19122	8	1	33000000
19128	0	6	5950000
19134	0	3	12800000
19140	0	0	6693091
19146	0	1	3981457
19152	7	1	14700000
19158	0	2	14400000
19164	1	1	4300000
19170	0	2	6700000
19176	2	2	11495527
19182	1	1	9550000
19188	0	3	7122962
19194	0	3	12400000
19200	0	3	6600000
19206	0	0	8020375
19212	0	2	6900000
19218	0	1	6034455
19224	2	4	7100000
19230	5	4	11450000
19236	1	3	8100000
19242	0	2	1000000
19248	0	2	3611262
19254	1	5	5700000
19260	0	6	1000000
19266	1	4	23900000
19272	0	0	4446269
19278	20	16	6800000
19284	0	2	2500000
19290	0	3	4400000
19296	1	5	1000000
19302	20	16	7323200
19308	0	2	6500000
19314	0	1	4400000
19320	0	0	3900797
19326	0	2	12350000
19332	0	3	5200000
19338	1	8	6100000
19344	0	4	7575700
19350	0	5	12200000
19356	20	16	5112656
19362	0	0	3856710
19368	0	1	6300000
19374	0	0	9300000
19380	2	6	7300000
19386	20	16	4640000
19392	0	4	7722400
19398	0	0	4493424
19404	0	0	6907232
19410	7	1	18700000
19416	0	0	3611262
19422	0	2	9400000
19428	1	2	21900116
19434	0	1	5600000
19440	0	0	4862125
19446	0	6	12000000
19452	0	3	3750000
19458	0	3	5950000
19464	0	5	7800000
19470	1	1	5500000
19476	1	0	8800000
19482	0	4	6528000
19488	0	0	6316836
19494	0	0	7229841
19500	0	3	1000000
19506	1	2	55000000
19512	0	4	13089341
19518	2	4	6150000
19524	0	3	5550000
19530	0	1	6528000
19536	0	4	4640000
19542	0	5	5695200
19548	0	0	2000000
19554	0	0	6682880
19560	0	1	8247200
19566	0	2	6600000
19572	1	1	8015000
19578	0	2	10052900
19584	0	4	8850000
19590	0	6	5500000
19596	0	3	6600000
19602	0	4	4750000
19608	0	3	6000000
19614	0	2	8500000
19620	0	0	1000000
19626	0	0	6200000
19632	0	3	8000000
19638	1	3	5790415
19644	0	0	5888341
19650	0	4	7722400
19656	0	2	999000
19662	1	0	990000
19668	1	3	8800000
19674	0	0	8600000
19680	0	6	13400000
19686	0	10	14000000
19692	0	5	12000000
19698	0	2	5600000
19704	0	0	5150000
19710	0	5	13500000
19716	0	6	5400000
19722	0	4	8200000
19728	0	4	7600000
19734	0	4	9840000
19740	0	0	3581969
19746	0	0	7027920
19752	0	4	6080000
19758	0	0	4231500
19764	6	2	11900000
19770	0	4	9100000
19776	0	5	13176190
19782	1	1	7000000
19788	0	4	6720000
19794	0	6	5015000
19800	0	2	12750000
19806	0	6	11250000
19812	0	0	7325634
19818	0	16	9250000
19824	0	4	6900000
19830	0	3	5500000
19836	0	0	6670080
19842	0	4	6028200
19848	2	0	6350000
19854	1	0	6200000
19860	0	5	8500000
19866	3	3	17950000
19872	0	2	3000000
19878	20	16	4960532
19884	1	3	5624881
19890	0	2	7600000
19896	0	1	8300000
19902	0	2	6100000
19908	1	1	1000000
19914	1	1	1000000
19920	0	4	5857600
19926	1	1	10500000
19932	0	1	4600000
19938	0	4	6334200
19944	0	0	9274800
19950	0	1	3915981
19956	0	4	5400000
19962	0	4	7323200
19968	0	0	6814110
19974	1	3	8500000
19980	0	3	6600000
19986	0	0	5407820
19992	0	3	7000000
19998	0	3	8654555
20004	3	0	13100000
20010	1	2	12600000
20016	0	2	11900000
20022	0	5	8200000
20028	0	0	6746700
20034	0	2	5200000
20040	0	6	12245000
20046	0	0	8200031
20052	0	1	6280450
20058	0	3	7612000
20064	0	1	6800000
20070	2	2	6900000
20076	7	2	2000000
20082	1	3	15469574
20088	0	1	8000000
20094	16	2	6868785
20100	2	5	9800000
20106	0	5	8600000
20112	0	1	2700000
20118	4	1	5500000
20124	0	2	9600000
20130	0	3	18000000
20136	0	0	2170303
20142	1	2	8600000
20148	0	6	21400000
20154	0	5	5750000
20160	0	0	5867427
20166	0	1	7050000
20172	1	3	5880639
20178	0	0	5151300
20184	0	4	6028200
20190	0	0	6782490
20196	1	2	999000
20202	1	5	12600000
20208	0	4	6800000
20214	0	4	7600000
20220	0	1	5800000
20226	0	2	6769315
20232	0	3	5822390
20238	20	16	6106095
20244	0	3	3143091
20250	0	1	6600000
20256	0	6	9704567
20262	0	0	7743461
20268	0	0	5595500
20274	1	1	7830000
20280	0	4	13600000
20286	0	2	6500000
20292	1	3	8300000
20298	0	0	3063307
20304	0	2	4728720
20310	0	1	8700000
20316	0	5	5763524
20322	0	0	5302036
20328	0	6	16250000
20334	0	2	4977760
20340	1	4	6500000
20346	0	0	2592414
20352	0	5	14000000
20358	0	2	7100000
20364	0	0	6065970
20370	0	3	10700000
20376	0	2	3000000
20382	0	0	4747200
20388	0	4	8400000
20394	0	3	7999130
20400	0	1	4452000
20406	0	6	11900000
20412	1	2	8900000
20418	0	1	5000000
20424	0	0	6124859
20430	0	1	9500000
20436	1	10	22000000
20442	1	5	7300000
20448	0	1	14000000
20454	0	2	5700000
20460	0	6	1200000
20466	1	4	5500000
20472	0	4	4027052
20478	3	0	6400000
20484	0	3	5913213
20490	20	16	4720000
20496	0	2	3656000
20502	1	1	4800000
20508	0	2	7800000
20514	0	1	12800000
20520	0	16	8500000
20526	0	6	13000000
20532	0	6	11906115
20538	0	2	5100000
20544	1	4	7000000
20550	0	0	6782490
20556	0	1	13000000
20562	0	0	6790000
20568	0	4	4640000
20574	20	16	4578400
20580	2	0	12800000
20586	0	2	7567320
20592	0	3	6200000
20598	1	2	11500000
20604	0	5	6400000
20610	0	4	1946935
20616	0	2	7650000
20622	0	8	5950000
20628	0	2	15155666
20634	0	4	6264300
20640	1	0	7500000
20646	0	6	1500000
20652	0	6	6850000
20658	1	5	1000000
20664	0	0	6415200
20670	1	3	5400000
20676	0	0	3900000
20682	0	5	5700000
20688	0	2	3850000
20694	0	3	12550000
20700	4	1	7000000
20706	9	4	10600000
20712	0	3	3000000
20718	0	3	8300000
20724	0	2	6200000
20730	2	5	17500000
20736	0	4	7323200
20742	1	3	7700000
20748	0	0	4979866
20754	0	0	7800000
20760	0	2	14300000
20766	0	2	16713983
20772	0	2	9331292
20778	0	16	5900000
20784	1	4	9300000
20790	1	3	6450000
20796	0	4	6344800
20802	1	2	8000000
20808	0	0	3986840
20814	6	1	3000000
20820	0	0	4548600
20826	0	2	7000000
20832	1	1	2000000
20838	0	2	4750000
20844	0	3	4232050
20850	0	4	7402800
20856	0	0	6852770
20862	1	0	5250000
20868	0	1	6271200
20874	1	4	4950000
20880	0	4	7355158
20886	0	2	1000000
20892	0	2	7900000
20898	2	1	8500000
20904	0	6	8250000
20910	0	0	7491155
20916	1	1	12250000
20922	0	0	16100000
20928	0	3	6200000
20934	0	2	3000000
20940	0	0	8523460
20946	0	0	4940000
20952	0	0	2047255
20958	0	4	4720000
20964	1	3	7250000
20970	0	0	4231500
20976	1	1	4600000
20982	2	5	6970000
20988	0	3	6200000
20994	0	16	6850000
21000	1	2	14000000
21006	0	3	5850000
21012	0	0	1000000
21018	1	5	11000000
21024	0	0	7049841
21030	0	4	4543000
21036	0	2	14600000
21042	0	2	1000000
21048	0	3	4600000
21054	0	2	6600000
21060	0	3	10900000
21066	0	3	7100000
21072	0	0	2000000
21078	1	4	7200000
21084	1	0	8300000
21090	0	2	6300000
21096	0	2	10500000
21102	0	0	8989990
21108	0	3	5259875
21114	1	2	5800000
21120	0	1	12000000
21126	0	2	6200000
21132	0	4	6500000
21138	1	3	14500000
21144	0	2	7200000
21150	0	2	4700000
21156	0	0	3899303
21162	0	4	8450000
21168	2	3	11020000
21174	0	3	6250000
21180	0	4	6900000
21186	0	0	7595739
21192	1	1	4250000
21198	0	2	3669874
21204	2	0	8850000
21210	0	3	6400000
21216	0	0	16500000
21222	1	3	7700000
21228	0	2	6750000
21234	1	2	7700000
21240	0	0	6000000
21246	0	2	21300000
21252	1	1	8500000
21258	0	4	14800000
21264	0	3	5600000
21270	1	4	2000000
21276	0	0	1000000
21282	1	0	7000000
21288	0	2	6600000
21294	0	4	5414200
21300	0	0	6365131
21306	1	0	3000000
21312	1	3	5400000
21318	0	3	5600000
21324	0	1	11300000
21330	0	7	7600000
21336	0	0	3600000
21342	0	0	3858580
21348	0	0	6383864
21354	2	2	23500000
21360	0	16	6000000
21366	4	1	10700000
21372	0	5	17600000
21378	14	4	28000000
21384	3	0	7800000
21390	0	4	9150000
21396	0	3	6770000
21402	0	3	5400000
21408	0	0	3801200
21414	0	0	9205505
21420	0	2	1400000
21426	0	1	10000000
21432	0	2	8150340
21438	0	3	3166838
21444	0	5	10700000
21450	0	3	4700000
21456	1	5	11800000
21462	1	0	6050000
21468	0	2	25779390
21474	1	0	6350000
21480	0	3	4478504
21486	0	4	4740000
21492	0	1	6150600
21498	0	3	5991308
21504	0	4	1000000
21510	0	0	4446269
21516	1	0	9000000
21522	0	0	2987151
21528	0	2	2000000
21534	0	4	6530200
21540	1	2	9200000
21546	0	1	12726590
21552	0	3	7722029
21558	0	0	5798496
21564	1	1	1000000
21570	0	3	6100000
21576	0	0	7613050
21582	0	1	2000000
21588	0	3	5450000
21594	0	0	5827500
21600	4	1	2000000
21606	1	1	6550000
21612	1	8	6000000
21618	0	0	3227359
21624	4	0	10900000
21630	1	3	7800000
21636	0	0	5969780
21642	0	0	8068948
21648	0	4	13990000
21654	0	0	8458557
21660	0	5	5785200
21666	0	0	3325000
21672	0	1	6576252
21678	7	1	17800000
21684	0	4	3999000
21690	0	16	22000000
21696	0	0	3540000
21702	20	16	3136270
21708	0	0	16450000
21714	0	0	7200000
21720	0	1	7867800
21726	0	0	6304740
21732	1	3	35284024
21738	0	6	1000000
21744	0	0	6345959
21750	0	2	7000000
21756	1	4	18900000
21762	1	0	6250000
21768	0	3	8639300
21774	0	0	14900000
21780	0	2	2000000
21786	2	0	5400000
21792	0	3	5306400
21798	0	3	5900000
21804	0	0	2010376
21810	0	2	14738378
21816	0	2	9661449
21822	0	3	12600000
21828	0	1	4740000
21834	0	5	18334500
21840	1	3	6450000
21846	0	2	7100000
21852	0	1	6050000
21858	0	1	9300000
21864	0	1	12150000
21870	0	3	7300000
21876	0	0	5367894
21882	3	5	7550000
21888	1	0	1050000
21894	0	1	5909900
21900	0	0	14336100
21906	1	2	11672827
21912	2	4	8000000
21918	0	0	9700000
21924	0	3	4288679
21930	0	3	1100000
21936	0	0	5802830
21942	0	1	4873400
21948	0	2	8500000
21954	0	0	4446269
21960	0	1	2000000
21966	0	2	6671450
21972	0	2	6700000
21978	0	3	3181695
21984	0	4	4740000
21990	0	2	10600000
21996	0	2	5500000
22002	0	3	6100000
22008	0	2	10700000
22014	0	1	9574906
22020	0	7	9500000
22026	0	1	10000000
22032	0	16	6420000
22038	0	0	4835861
22044	0	5	13400000
22050	5	4	13400000
22056	0	3	6150000
22062	1	1	14000000
22068	0	2	18405400
22074	0	2	5700000
22080	0	6	6800000
22086	1	1	9700000
22092	0	3	4513372
22098	0	2	6250000
22104	0	3	6400000
22110	0	2	8401000
22116	0	0	2199436
22122	1	4	8100000
22128	0	3	5123357
22134	0	0	5171940
22140	1	3	2100000
22146	0	1	11800000
22152	0	6	9850000
22158	0	2	7000000
22164	0	0	6256186
22170	3	2	15134236
22176	2	1	8000000
22182	0	0	7365080
22188	0	16	10800000
22194	0	3	5000000
22200	0	1	8485100
22206	0	2	4951147
22212	0	6	9425000
22218	0	3	7822797
22224	1	3	8300000
22230	1	3	7100000
22236	2	6	10270000
22242	0	2	3519703
22248	0	3	10400000
22254	11	1	1000000
22260	20	16	6592000
22266	0	3	8550000
22272	0	2	6400000
22278	0	1	4515000
22284	0	0	6007797
22290	0	6	5228286
22296	1	3	22085448
22302	1	2	14500000
22308	20	16	5748950
22314	0	2	5200000
22320	0	1	4800000
22326	0	1	6249100
22332	0	0	15385529
22338	0	6	6300000
22344	0	3	5800000
22350	0	3	4500000
22356	0	3	3160166
22362	0	3	990000
22368	0	6	12200000
22374	2	3	22500000
22380	0	2	6650000
22386	1	2	16000000
22392	0	4	7000000
22398	0	3	5512400
22404	1	3	4850000
22410	4	1	5600000
22416	0	3	13200000
22422	1	1	7400000
22428	0	3	4034112
22434	0	4	5682320
22440	0	0	3200000
22446	0	0	7000760
22452	1	3	7200000
22458	0	3	6400000
22464	0	0	9000000
22470	0	4	6100000
22476	0	2	5700000
22482	1	2	8500000
22488	0	0	3205282
22494	0	0	5454795
22500	4	1	7900000
22506	20	16	3886607
22512	0	2	11500000
22518	0	0	2000000
22524	0	3	6691326
22530	0	0	10300000
22536	0	3	6750000
22542	0	2	7500000
22548	0	3	7700000
22554	0	2	16880930
22560	0	5	3000000
22566	0	3	7000000
22572	0	6	11125983
22578	0	3	7000000
22584	0	3	3151819
22590	0	0	4671536
22596	0	1	9197256
22602	0	1	6087300
22608	0	3	5500000
22614	0	3	5529980
22620	0	2	1200000
22626	2	16	7000000
22632	0	1	4389000
22638	0	16	6800000
22644	1	3	5625900
22650	7	1	15157589
22656	0	3	8500000
22662	0	3	8732855
22668	1	2	9750000
22674	0	2	7500000
22680	0	6	8900000
22686	0	0	4833950
22692	1	0	6500000
22698	0	16	6200000
22704	0	2	6200000
22710	0	6	6500000
22716	0	0	4731840
22722	20	16	3164406
22728	0	0	6856020
22734	0	1	4620000
22740	0	2	10000000
22746	0	5	5125680
22752	0	2	3000000
22758	1	0	11700000
22764	4	1	8900000
22770	20	16	39551828
22776	1	5	14400000
22782	1	5	13600000
22788	0	3	5591788
22794	0	5	1000000
22800	0	6	11224479
22806	0	0	7314447
22812	0	0	6156040
22818	0	16	11100000
22824	0	6	13022444
22830	0	7	9550000
22836	1	5	5500000
22842	1	0	5700000
22848	0	0	8600000
22854	0	4	8703789
22860	0	2	4934293
22866	1	1	5700000
22872	0	0	5848055
22878	0	4	19800000
22884	0	0	7500000
22890	0	0	9642928
22896	0	3	3181695
22902	0	4	9300000
22908	0	2	7400000
22914	0	6	12408375
22920	0	4	7263300
22926	0	0	10332903
22932	0	2	5600000
22938	0	2	10700000
22944	0	7	8550000
22950	0	3	9000000
22956	0	0	7000000
22962	1	3	5600000
22968	0	2	990000
22974	0	1	8200000
22980	0	0	5536201
22986	1	11	9000000
22992	0	6	8900000
22998	0	0	6977460
23004	0	1	6349400
23010	0	6	11675775
23016	1	3	5450000
23022	0	6	7650000
23028	20	16	4071778
23034	0	2	15215700
23040	0	0	5128110
23046	0	1	6100000
23052	0	3	2000000
23058	0	0	8768220
23064	0	5	6500000
23070	1	1	9500000
23076	1	4	5700000
23082	1	0	14950000
23088	1	3	6800000
23094	0	2	11500000
23100	0	0	2231970
23106	1	3	2000000
23112	0	3	8900000
23118	0	4	6100000
23124	1	0	4800000
23130	0	3	7450000
23136	0	16	6350000
23142	0	0	6550000
23148	0	1	6699664
23154	0	3	8200000
23160	0	0	8650000
23166	0	2	8700000
23172	0	4	5150000
23178	0	1	3813607
23184	0	3	7580000
23190	0	4	6300000
23196	0	5	7600000
23202	0	3	5911237
23208	3	2	15482884
23214	0	2	4950000
23220	20	16	8445450
23226	1	4	1000000
23232	0	1	4066500
23238	0	3	8650000
23244	0	1	7614600
23250	0	3	4171096
23256	0	2	5024720
23262	0	3	4646235
23268	6	4	9600000
23274	0	0	7299380
23280	0	2	10900000
23286	0	5	15400000
23292	12	2	11850000
23298	0	2	4400000
23304	0	1	6600000
23310	0	2	15853617
23316	0	0	3205282
23322	0	4	4562800
23328	0	0	3720202
23334	0	4	9150000
23340	0	2	6570520
23346	0	4	5850000
23352	0	16	6300000
23358	0	4	7500000
23364	0	0	1000000
23370	0	16	11500000
23376	0	3	8250000
23382	0	0	4533165
23388	0	0	2987151
23394	0	1	10221105
23400	0	3	8500000
23406	0	1	9500000
23412	0	2	2000000
23418	1	3	12000000
23424	0	0	4378116
23430	0	1	10150000
23436	1	0	7800000
23442	0	4	4880000
23448	0	2	11800000
23454	0	2	7700000
23460	0	3	4106549
23466	0	2	6650000
23472	1	3	6116833
23478	0	1	10170000
23484	0	2	6056640
23490	0	0	4616810
23496	0	0	5425477
23502	0	2	1100000
23508	20	16	8037000
23514	1	4	3200000
23520	1	0	5900000
23526	0	2	11300000
23532	3	2	12299398
23538	0	3	6744720
23544	0	3	5492387
23550	0	0	5400000
23556	0	3	7335848
23562	1	0	5600000
23568	0	0	2333925
23574	1	1	5600000
23580	0	3	3645969
23586	0	2	8200000
23592	0	2	7000000
23598	0	3	9550000
23604	0	3	7250000
23610	1	1	8650000
23616	0	2	35725920
23622	0	1	10159562
23628	1	16	3000000
23634	0	2	7300000
23640	0	3	6725000
23646	0	0	6132780
23652	0	3	5800000
23658	1	2	7150000
23664	0	2	2000000
23670	0	8	6550000
23676	0	0	4155840
23682	4	5	13000000
23688	0	2	5000000
23694	0	1	6400000
23700	2	4	5850000
23706	0	3	3572565
23712	0	3	8000000
23718	0	16	12000000
23724	1	3	6000000
23730	0	3	5004272
23736	1	3	4611610
23742	1	0	8900000
23748	0	2	7341400
23754	0	3	3250321
23760	0	1	6900000
23766	0	2	5850000
23772	0	3	1000000
23778	1	5	27415576
23784	1	4	1000000
23790	0	2	3423615
23796	0	3	2574464
23802	0	16	8500000
23808	0	3	10000000
23814	1	0	5350000
23820	0	1	6241720
23826	0	2	8400000
23832	1	4	8000000
23838	2	2	8492570
23844	0	1	7700000
23850	20	16	3004036
23856	0	0	6284010
23862	0	0	8915014
23868	1	2	11989000
23874	1	4	6250000
23880	0	4	9600000
23886	0	0	2790189
23892	0	3	2931354
23898	0	3	2000000
23904	1	1	3000000
23910	0	1	7050000
23916	0	6	1000000
23922	0	4	6200000
23928	0	3	2500000
23934	0	0	2000000
23940	0	1	6396300
23946	0	0	4503470
23952	0	3	8046096
23958	0	4	4819000
23964	0	4	7562000
23970	0	1	9128455
23976	0	0	2170303
23982	2	2	11600000
23988	0	1	9214526
23994	2	2	8200000
24000	1	2	15400000
24006	0	6	4800000
24012	0	0	6436220
24018	0	4	5000000
24024	0	1	6200000
24030	1	3	17622960
24036	0	2	23500000
24042	3	2	15642084
24048	0	0	2325569
24054	0	5	11950000
24060	0	3	6348703
24066	0	6	7800000
24072	20	16	5722730
24078	3	6	12500000
24084	0	0	6836443
24090	0	0	2000000
24096	0	0	7829064
24102	0	0	6300000
24108	20	16	3396443
24114	0	0	4829736
24120	0	3	4086608
24126	0	4	4300000
24132	0	0	7854000
24138	0	6	18728764
24144	1	1	1000000
24150	0	3	4433926
24156	0	1	4102184
24162	1	3	5700000
24168	0	3	6700000
24174	0	0	4739280
24180	0	5	8300000
24186	2	4	11900000
24192	0	0	4241480
24198	0	0	9839063
24204	0	2	8700000
24210	0	1	5400000
24216	0	3	6700000
24222	0	6	11800000
24228	0	0	6063200
24234	0	0	6800000
24240	1	4	3000000
24246	0	2	8608680
24252	1	2	14300000
24258	8	2	16750000
24264	3	2	12546598
24270	0	0	3043800
24276	0	4	7562000
24282	0	1	6250000
24288	0	0	6264238
24294	0	0	7171180
24300	1	4	14250000
24306	0	3	7778478
24312	0	2	8200000
24318	0	5	5800000
24324	0	0	5150000
24330	0	4	6000000
24336	0	3	2760000
24342	0	0	5257182
24348	7	2	11800000
24354	1	3	6800495
24360	0	4	6900000
24366	0	0	4727539
24372	0	0	4626322
24378	0	2	6150000
24384	0	2	8000000
24390	0	4	10150000
24396	0	7	7900000
24402	2	11	6480000
24408	20	16	10167489
24414	20	16	5331642
24420	0	1	7524000
24426	0	3	14500000
24432	0	3	5257137
24438	0	4	6396300
24444	0	1	2000000
24450	0	5	17300000
24456	0	6	6950000
24462	1	3	8600000
24468	0	2	7550000
24474	0	2	9700000
24480	0	3	8000000
24486	0	3	4646235
24492	0	3	2000000
24498	0	0	8279537
24504	0	0	6182720
24510	0	4	7696425
24516	1	3	4400000
24522	3	2	9987891
24528	0	5	4000000
24534	0	3	5500000
24540	0	2	10000000
24546	0	3	6852768
24552	0	3	9000000
24558	0	3	5200000
24564	0	0	2427368
24570	0	0	4550000
24576	0	3	3813204
24582	0	3	5606581
24588	0	2	15165196
24594	0	0	2298338
24600	20	16	8135424
24606	3	2	12761248
24612	0	1	6400000
24618	1	5	8400000
24624	0	0	7000000
24630	3	1	7700000
24636	0	3	8676507
24642	0	3	3665118
24648	0	0	4579316
24654	0	0	6388337
24660	0	0	4846697
24666	0	2	7500000
24672	0	0	8821800
24678	0	2	1000000
24684	20	16	3120697
24690	1	4	16500000
24696	1	5	11000000
24702	0	3	6348703
24708	0	0	6931143
24714	4	1	10800000
24720	0	2	9500000
24726	20	16	6720000
24732	0	0	4379210
24738	1	0	8000000
24744	20	16	6709500
24750	0	3	6000000
24756	0	0	9349748
24762	0	0	12850000
24768	0	0	7285817
24774	3	2	14799275
24780	1	1	9800000
24786	1	0	8200000
24792	0	6	9700000
24798	0	3	7200000
24804	0	7	2000000
24810	0	1	4000000
24816	4	1	5450000
24822	0	0	8266537
24828	0	2	9900000
24834	0	0	4605291
24840	0	0	8500000
24846	2	5	7500000
24852	0	0	4129956
24858	2	0	1000000
24864	0	0	6700000
24870	1	4	11500000
24876	0	1	10282648
24882	0	1	6600000
24888	0	2	3000000
24894	0	3	5849049
24900	0	0	6950526
24906	1	0	2000000
24912	0	0	4600000
24918	0	3	7300000
24924	0	0	3505109
24930	0	3	8000000
24936	0	16	10000000
24942	0	2	1000000
24948	0	4	2000000
24954	20	16	4559207
24960	0	3	9400000
24966	0	0	6950000
24972	1	2	14000000
24978	0	2	6400000
24984	1	2	5100000
24990	0	0	8163161
24996	1	16	8950000
25002	20	16	13587600
25008	0	3	4906885
25014	0	2	5500000
25020	1	4	9920000
25026	0	3	3460000
25032	1	8	5500000
25038	0	4	11750000
25044	0	3	4839492
25050	0	1	6100000
25056	3	2	12989929
25062	1	0	9300000
25068	0	0	6574500
25074	0	3	9200000
25080	0	0	8081700
25086	0	0	6800000
25092	8	4	21600000
25098	0	2	1000000
25104	1	2	2500000
25110	10	2	18500000
25116	0	0	6732820
25122	1	4	5300000
25128	2	5	8700000
25134	0	3	6500000
25140	0	0	7073249
25146	2	2	1000000
25152	1	0	4550000
25158	0	2	10400000
25164	0	3	10100000
25170	0	5	7380000
25176	7	1	64000000
25182	1	2	12500000
25188	0	0	9550000
25194	0	1	3813607
25200	0	2	6000000
25206	0	3	3000000
25212	0	5	8700000
25218	0	1	9300596
25224	0	0	5625408
25230	0	0	8850000
25236	0	2	15561318
25242	0	1	4695300
25248	0	0	9793170
25254	1	0	7300000
25260	0	2	5300000
25266	0	3	6000000
25272	0	0	2800000
25278	0	1	4657550
25284	0	0	6626044
25290	0	4	8450000
25296	0	0	4861609
25302	0	3	6007299
25308	0	1	8148750
25314	0	1	6633100
25320	0	2	6900000
25326	0	2	11750000
25332	0	3	3674840
25338	0	3	6200000
25344	1	2	8650000
25350	20	16	6348344
25356	3	4	12000000
25362	1	3	17450000
25368	0	0	3200000
25374	0	0	6286197
25380	1	4	6200000
25386	0	3	3827681
25392	0	2	9600000
25398	0	0	1000000
25404	0	6	12800000
25410	0	1	4425290
25416	0	3	2000000
25422	0	6	6000000
25428	1	1	6600000
25434	0	4	5000000
25440	0	1	14000000
25446	1	2	5300000
25452	0	3	3813204
25458	0	3	7850000
25464	0	0	2312304
25470	0	2	7190528
25476	0	0	7200867
25482	0	3	6900000
25488	0	0	4196115
25494	0	0	6000000
25500	0	0	4644685
25506	0	3	4485481
25512	0	4	7500000
25518	1	3	14500000
25524	0	0	5625233
25530	1	3	17168760
25536	0	1	4641000
25542	0	3	9000000
25548	0	0	4895653
25554	0	0	7233340
25560	1	4	6400000
25566	0	3	8048368
25572	0	0	10000000
25578	1	1	4950000
25584	1	2	9500000
25590	20	16	5366778
25596	8	2	12300000
25602	1	0	6600000
25608	1	2	2000000
25614	0	16	5350000
25620	0	0	5270391
25626	0	4	15400000
25632	0	3	2000000
25638	0	2	8500000
25644	0	4	2700000
25650	0	1	1000000
25656	20	16	7419500
25662	0	1	10300000
25668	0	3	9800000
25674	0	2	9700000
25680	0	6	9600000
25686	0	3	6100000
25692	0	0	2305805
25698	0	1	5550000
25704	0	0	3121872
25710	0	0	7350000
25716	0	0	3104741
25722	0	1	3812055
25728	2	5	6900000
25734	0	3	4622400
25740	0	3	2000000
25746	5	1	9000000
25752	0	8	5700000
25758	0	2	6690000
25764	0	0	7299270
25770	0	6	8200000
25776	0	5	13500000
25782	3	1	10500000
25788	4	1	7000000
25794	0	4	6000000
25800	0	0	5591476
25806	0	0	6454817
25812	0	4	8550000
25818	0	3	6200000
25824	0	1	3613360
25830	0	2	13450000
25836	4	1	4680000
25842	0	3	10200000
25848	0	3	5312805
25854	0	4	8250000
25860	0	4	1000000
25866	0	0	4625133
25872	3	2	11932867
25878	0	4	6520500
25884	3	4	17000000
25890	0	4	7500000
25896	0	3	11500000
25902	1	0	7750000
25908	1	1	17000000
25914	1	3	6400000
25920	0	0	5130187
25926	1	3	7323808
25932	0	4	6300000
25938	2	2	14500000
25944	0	3	8900000
25950	0	1	14521000
25956	4	5	12900000
25962	0	3	8700000
25968	20	16	6464863
25974	5	0	6600000
25980	0	0	7307670
25986	1	3	5350268
25992	0	1	7095462
25998	0	3	7200000
26004	0	3	5100000
26010	20	16	5347960
26016	0	3	7100000
26022	0	3	5500000
26028	9	1	12000000
26034	0	0	2394300
26040	20	16	6509505
26046	0	1	6988390
26052	20	16	4668821
26058	0	2	7800000
26064	0	2	1000000
26070	0	0	6800000
26076	0	0	2118372
26082	0	3	5714266
26088	0	0	3618000
26094	0	3	4561922
26100	0	3	4617686
26106	0	1	3933500
26112	0	0	6958188
26118	0	0	8123184
26124	0	1	2000000
26130	0	5	5300000
26136	0	16	2500000
26142	20	16	7381500
26148	1	1	3000000
26154	0	0	6188305
26160	0	2	5942622
26166	1	2	2500000
26172	0	1	6000000
26178	0	0	4569819
26184	0	2	6630800
26190	0	2	6400000
26196	0	0	7054250
26202	0	5	11270000
26208	1	0	7900000
26214	0	2	4937965
26220	0	0	4839503
26226	0	6	11091840
26232	0	2	7731750
26238	0	3	5000000
26244	0	2	8500000
26250	0	2	5000000
26256	0	0	7494900
26262	0	4	7500000
26268	0	0	4916550
26274	0	1	3613360
26280	0	8	13300000
26286	0	3	4525761
26292	0	0	4657522
26298	0	1	7700000
26304	1	3	6000000
26310	0	2	1200000
26316	1	4	6100000
26322	0	0	5332762
26328	0	2	8150000
26334	0	2	5600000
26340	3	2	9000000
26346	0	2	5900000
26352	0	5	15300000
26358	0	4	7400000
26364	0	3	4702896
26370	0	16	12000000
26376	0	0	8045552
26382	1	3	2000000
26388	0	0	6615495
26394	0	3	3912462
26400	0	2	6100000
26406	2	0	7025000
26412	1	1	7000000
26418	0	1	3613360
26424	0	3	12000000
26430	20	16	6709500
26436	0	0	4543131
26442	0	8	8300000
26448	0	3	7303200
26454	0	1	5950000
26460	0	3	7000000
26466	0	5	7000000
26472	0	2	16500000
26478	0	0	6200000
26484	2	2	6300000
26490	1	4	6700000
26496	1	2	5473100
26502	0	2	7000000
26508	0	7	6000000
26514	0	4	7200000
26520	0	1	4770150
26526	0	1	4795500
26532	1	4	8000000
26538	0	1	6500000
26544	1	2	22676982
26550	0	4	7245122
26556	0	0	6382574
26562	0	0	2795473
26568	0	6	7600000
26574	3	0	8600000
26580	20	16	8341515
26586	0	0	13587600
26592	0	11	16000000
26598	0	1	6600000
26604	0	2	6900000
26610	1	4	10800000
26616	0	5	10000000
26622	0	4	5500000
26628	0	1	6900000
26634	20	16	6205500
26640	0	1	1000000
26646	0	0	8651597
26652	0	0	4939740
26658	0	5	41500000
26664	0	5	9100000
26670	0	5	5300000
26676	20	16	5577808
26682	2	5	3000000
26688	1	4	9000000
26694	1	3	35934424
26700	0	0	3620000
26706	0	1	6338800
26712	0	2	8800000
26718	0	3	9120199
26724	0	0	9974128
26730	1	1	11500000
26736	0	0	4746028
26742	0	2	10200000
26748	1	3	13100000
26754	2	2	14300000
26760	1	1	5300000
26766	1	0	5450000
26772	0	2	7100000
26778	0	4	6900000
26784	5	0	6330000
26790	0	1	8100000
26796	1	0	5000000
26802	0	4	4900000
26808	0	2	5300000
26814	0	1	4787120
26820	0	4	2300000
26826	0	16	7100000
26832	0	2	8000000
26838	0	2	13900000
26844	3	2	8700000
26850	0	0	5448394
26856	0	7	7500000
26862	0	3	3000000
26868	0	1	6076394
26874	15	4	16900000
26880	0	4	6640000
26886	0	3	4260540
26892	2	16	8250000
26898	1	0	4600000
26904	0	3	4100000
26910	0	0	2000000
26916	0	1	4697387
26922	0	0	5000000
26928	0	3	17000000
26934	0	1	5122364
26940	0	0	4232123
26946	0	4	7200000
26952	0	0	7426936
26958	1	5	8800000
26964	3	1	8830000
26970	1	16	8650000
26976	0	3	9850000
26982	0	4	8350000
26988	2	0	6900000
26994	0	3	6700000
27000	1	0	5500000
27006	0	3	15600000
27012	0	0	5194641
27018	1	2	6300000
27024	0	0	4459338
27030	0	5	1000000
27036	0	4	5100000
27042	1	8	5050000
27048	0	1	2000000
27054	0	0	6300000
27060	0	0	5247806
27066	2	0	17100000
27072	0	0	6400000
27078	0	0	5917882
27084	0	6	8200000
27090	1	3	2000000
27096	4	1	6800000
27102	0	0	11500000
27108	0	0	5965059
27114	0	2	10500000
27120	0	1	2000000
27126	0	2	1000000
27132	0	2	5180750
27138	19	16	40000000
27144	0	4	5361604
27150	0	6	8600000
27156	0	10	9700000
27162	0	2	6600000
27168	0	4	10500000
27174	1	0	8250000
27180	1	2	9500000
27186	1	4	14700000
27192	0	2	6584640
27198	0	4	8600000
27204	0	2	11300000
27210	0	3	6383965
27216	0	0	9360387
27222	0	0	8350000
27228	1	0	1020000
27234	0	0	8198544
27240	0	0	4713630
27246	1	4	7255000
27252	0	1	16100000
27258	0	0	5492479
27264	0	0	11200000
27270	0	1	6600000
27276	0	0	9106944
27282	0	3	5618483
27288	1	3	11000000
27294	0	0	6700000
27300	0	2	6800000
27306	0	3	5282224
27312	0	3	7713120
27318	0	1	9350000
27324	20	16	7419500
27330	0	2	4000000
27336	20	16	6520500
27342	0	4	8250000
27348	0	3	5811922
27354	0	3	5882493
27360	0	1	7050000
27366	0	6	14800000
27372	0	1	5023200
27378	0	0	8757309
27384	2	5	6000000
27390	0	6	20600000
27396	5	0	7250000
27402	0	0	5809855
27408	2	1	17200000
27414	0	1	4889369
27420	0	0	5490168
27426	0	4	6552000
27432	4	1	9500000
27438	0	2	3000000
27444	0	0	8465806
27450	1	3	25099674
27456	1	2	7300000
27462	0	4	8800000
27468	0	0	6997790
27474	0	5	11136250
27480	20	16	4542890
27486	0	3	8100000
27492	0	0	6786470
27498	0	2	3719200
27504	0	0	6700000
27510	0	0	5700000
27516	0	3	5000000
27522	1	16	8200000
27528	0	1	8458400
27534	0	1	7300000
27540	1	1	7500000
27546	1	2	13850000
27552	0	4	6552000
27558	1	0	8400000
27564	0	3	5069673
27570	0	2	10100000
27576	0	5	21196420
27582	1	4	6650000
27588	0	3	13900000
27594	0	0	8200000
27600	1	4	7100000
27606	0	2	9200000
27612	1	0	6200000
27618	0	0	11000000
27624	0	4	7300000
27630	3	1	7700000
27636	0	3	5930543
27642	0	0	4038804
27648	0	0	5559948
27654	1	1	7700000
27660	0	0	5870491
27666	0	1	2000000
27672	0	16	8000000
27678	0	2	10400000
27684	0	1	4209255
27690	0	2	16000000
27696	0	3	6350000
27702	0	3	2000000
27708	0	2	6350000
27714	0	2	9600000
27720	0	3	6800000
27726	0	2	9000000
27732	0	4	10500000
27738	0	0	5637963
27744	2	0	4500000
27750	0	3	8500000
27756	2	11	1000000
27762	0	4	7700000
27768	0	1	9700000
27774	0	3	5487147
27780	0	3	7400000
27786	0	2	7000000
27792	0	2	16050000
27798	3	0	10000000
27804	0	3	6800000
27810	0	3	8950000
27816	0	3	5950000
27822	0	3	1000000
27828	0	2	6500000
27834	4	1	9000000
27840	0	2	3000000
27846	0	0	5580120
27852	0	2	4133322
27858	0	6	16000000
27864	0	1	4209255
27870	0	2	44600000
27876	0	0	5372210
27882	0	1	3769167
27888	0	1	5406662
27894	0	5	12800000
27900	0	3	8820092
27906	0	16	9000000
27912	0	3	13502000
27918	0	2	5309640
27924	0	3	9250000
27930	0	2	12900000
27936	0	0	2211300
27942	0	6	7123990
27948	1	4	7500000
27954	0	2	3000000
27960	0	5	15300000
27966	1	0	7050000
27972	0	2	7000000
27978	0	5	3000000
27984	20	16	4209255
27990	0	0	6200000
27996	0	1	5071600
28002	2	8	8600000
28008	1	2	10646575
28014	0	3	5300000
28020	0	0	3345456
28026	0	1	7658450
28032	0	0	7775568
28038	0	3	14100000
28044	2	5	6800000
28050	0	1	13200000
28056	0	2	5850000
28062	4	3	6900000
28068	0	0	4473000
28074	1	0	8500000
28080	0	1	8350000
28086	20	16	17900000
28092	0	3	7000000
28098	0	1	16400000
28104	1	0	7500000
28110	0	6	14964120
28116	20	16	13500000
28122	0	1	14300000
28128	0	6	10350000
28134	0	2	8100000
28140	0	0	7266974
28146	1	0	7450000
28152	0	4	11000000
28158	2	1	2500000
28164	1	3	4445883
28170	0	0	7818065
28176	0	0	16200000
28182	0	0	4740000
28188	2	2	15430000
28194	0	4	6720000
28200	0	3	15300000
28206	0	1	14700000
28212	3	1	9800000
28218	0	4	4351700
28224	0	6	4000000
28230	5	1	7565000
28236	0	2	10150000
28242	0	3	9800000
28248	8	1	19000000
28254	0	2	6650000
28260	8	1	35250000
28266	0	1	3000000
28272	0	0	4674114
28278	0	6	10000000
28284	0	16	12500000
28290	0	2	7200000
28296	0	2	8958812
28302	8	2	29000000
28308	1	1	8200000
28314	0	0	15093980
28320	1	0	8350000
28326	0	2	7300000
28332	0	2	9750000
28338	0	1	7250000
28344	0	1	11650000
28350	1	4	6150000
28356	1	0	7900000
28362	0	0	8669127
28368	0	0	6486642
28374	0	0	8044351
28380	7	1	16431250
28386	0	4	5050000
28392	0	0	2258508
28398	0	0	15557784
28404	0	16	12000000
28410	1	0	2000000
28416	0	4	7100000
28422	0	8	12000000
28428	0	1	16400000
28434	0	6	9400000
28440	0	2	6500000
28446	1	1	8300000
28452	0	0	5027831
28458	20	16	4414400
28464	0	2	6750000
28470	0	1	8795800
28476	23	1	9500000
28482	0	0	5709590
28488	0	16	12100000
28494	3	2	9948391
28500	0	3	7250000
28506	0	2	8066865
28512	0	0	5211007
28518	0	0	8305997
28524	0	4	6582600
28530	20	16	6264600
28536	20	16	6538285
28542	0	3	5240601
28548	0	2	5309640
28554	0	0	8000000
28560	0	0	45000000
28566	0	3	8500000
28572	0	0	6563726
28578	0	0	7144381
28584	0	0	7870000
28590	0	0	9918935
28596	0	2	3865945
28602	20	16	5279820
28608	0	2	11612982
28614	3	2	13294885
28620	0	0	7035342
28626	0	0	3175380
28632	3	2	13122905
28638	0	0	3748680
28644	3	0	23500000
28650	3	2	14477310
28656	0	0	10145023
28662	0	0	4741678
28668	0	2	7900000
28674	0	0	5437752
28680	0	11	7050000
28686	0	0	8793390
28692	0	0	8000000
28698	0	0	3323920
28704	0	0	5642295
28710	0	1	13300000
28716	0	0	4780013
28722	20	16	6773400
28728	0	3	8862309
28734	1	0	1000000
28740	0	2	7500000
28746	0	3	3000000
28752	0	0	3900000
28758	0	5	9400000
28764	1	3	8250000
28770	0	2	6400000
28776	0	1	8500000
28782	1	3	11500000
28788	1	0	7050000
28794	0	3	2000000
28800	1	3	7472244
28806	0	3	2000000
28812	2	0	7500000
28818	2	11	7000000
28824	2	1	6550000
28830	1	0	15700000
28836	0	6	10700000
28842	20	16	7259103
28848	0	6	9513098
28854	0	16	15500000
28860	0	0	3111872
28866	0	2	6450000
28872	5	1	6300000
28878	0	0	7081880
28884	0	0	10013000
28890	0	2	6000000
28896	0	0	3175380
28902	0	0	6457582
28908	0	2	6000000
28914	0	0	5202600
28920	4	1	3000000
28926	1	3	7500000
28932	0	3	9900000
28938	0	0	5039019
28944	0	5	10370000
28950	20	16	6976549
28956	0	0	4847820
28962	1	5	13493952
28968	0	2	8125000
28974	0	0	8799661
28980	0	2	3982500
28986	1	3	31805482
28992	0	0	7697340
28998	0	0	6372400
29004	0	2	5130400
29010	0	0	6506650
29016	0	3	10500000
29022	0	0	3900000
29028	0	1	5050000
29034	0	3	7100000
29040	20	16	6223861
29046	2	2	7400000
29052	10	16	9700000
29058	0	3	6320357
29064	0	4	8500000
29070	2	10	11900000
29076	1	3	6503174
29082	0	0	7036806
29088	0	1	6800000
29094	5	3	7400000
29100	0	3	4001493
29106	0	2	5309640
29112	1	0	22037500
29118	1	4	7000000
29124	0	3	2590000
29130	1	2	6200000
29136	0	2	6400000
29142	0	0	5747000
29148	0	0	8464235
29154	0	5	13700000
29160	0	4	18500000
29166	1	3	5088000
29172	0	3	6000000
29178	0	0	6828850
29184	1	3	5758270
29190	1	3	4536615
29196	0	6	11000000
29202	0	0	8200000
29208	0	0	5453910
29214	0	3	10750000
29220	1	0	15000000
29226	1	2	14000000
29232	0	0	3772550
29238	0	6	10960073
29244	0	3	8862309
29250	0	4	10250000
29256	20	16	6541500
29262	1	3	17000000
29268	0	1	17239926
29274	9	4	9950000
29280	0	1	11756917
29286	0	1	10865610
29292	0	2	11000000
29298	1	3	8600000
29304	0	0	4981800
29310	0	0	6998900
29316	0	0	8766025
29322	0	3	15058144
29328	1	3	3000000
29334	1	1	6100000
29340	0	0	4102010
29346	0	4	2000000
29352	20	16	6600000
29358	2	8	8600000
29364	0	0	7770350
29370	1	4	7450000
29376	0	0	6388146
29382	0	1	5366850
29388	1	16	16300000
29394	0	0	7377458
29400	0	0	4758341
29406	0	0	1863668
29412	0	1	11700000
29418	0	5	8600000
29424	0	2	6100000
29430	0	1	6264739
29436	0	3	5142043
29442	0	4	12700000
29448	0	1	6284948
29454	0	1	9000000
29460	1	2	3170000
29466	0	2	13330236
29472	0	0	5592510
29478	1	1	6950000
29484	1	1	1200000
29490	0	0	5481630
29496	0	3	7363352
29502	1	0	1496307
29508	0	3	9115486
29514	0	0	6768311
29520	1	4	24000000
29526	0	1	3400000
29532	0	2	8000000
29538	3	0	5200000
29544	2	5	11394426
29550	0	1	6877515
29556	0	6	10368000
29562	0	0	4022400
29568	1	5	4400000
29574	1	3	6450372
29580	0	2	6823584
29586	0	1	6095028
29592	0	1	9590963
29598	0	5	6400000
29604	0	3	9202300
29610	2	0	7600000
29616	0	0	2585000
29622	0	1	12085368
29628	4	1	7600000
29634	0	1	4088072
29640	1	0	8550000
29646	36	2	70000000
29652	0	2	12600000
29658	0	1	5515295
29664	1	2	7500000
29670	0	2	6100000
29676	0	0	14065000
29682	0	0	4798582
29688	0	0	8818621
29694	3	2	10174898
29700	3	1	13500000
29706	0	3	5230594
29712	3	2	10283595
29718	0	3	3674840
29724	0	5	7900000
29730	0	0	7156910
29736	0	1	6144360
29742	0	2	16000000
29748	1	0	9600000
29754	0	3	8607536
29760	0	0	9111009
29766	0	3	7700000
29772	0	1	9750000
29778	0	5	5200000
29784	0	2	5135351
29790	0	0	3739840
29796	0	1	9794676
29802	1	0	9100000
29808	0	3	8570190
29814	0	0	10018020
29820	0	1	20196950
29826	0	3	2000000
29832	0	0	8593687
29838	0	0	4543110
29844	1	2	8550000
29850	1	4	5850000
29856	0	0	6807472
29862	0	2	6300000
29868	0	0	10239976
29874	0	0	4800000
29880	3	2	14495803
29886	20	16	5160747
29892	0	1	10055536
29898	0	1	6158099
29904	0	1	12233960
29910	0	2	6500000
29916	1	1	9500000
29922	0	3	8639590
29928	1	0	1800000
29934	0	0	6952490
29940	0	3	6100000
29946	0	0	2860197
29952	0	1	18900000
29958	0	1	9967558
29964	20	16	8983384
29970	0	5	16866496
29976	0	2	6530000
29982	1	5	14000000
29988	1	5	6800000
29994	0	4	7500000
30000	0	0	8083313
30006	0	1	5782560
30012	0	3	7400198
30018	0	1	5130400
30024	0	0	2000000
30030	0	1	9220705
30036	0	1	6154704
30042	0	1	2000000
30048	0	1	6272045
30054	0	0	8908949
30060	0	1	8592632
30066	7	3	13350000
30072	5	3	10000000
30078	0	6	10091157
30084	0	0	4364990
30090	0	6	9611800
30096	0	0	8786515
30102	0	3	3000000
30108	0	0	6640900
30114	1	3	4491894
30120	0	6	7000000
30126	0	4	7200000
30132	0	0	5382400
30138	0	0	5221200
30144	0	6	2000000
30150	0	3	7322961
30156	1	3	5825332
30162	0	6	9012409
30168	0	2	5672400
30174	0	1	10200547
30180	0	0	2394300
30186	0	0	7026433
30192	0	4	12650000
30198	0	0	6657300
30204	0	3	6350000
30210	0	0	1983000
30216	0	2	20634588
30222	0	0	2446787
30228	0	6	7642043
30234	0	0	8620148
30240	0	1	6400530
30246	4	0	6900000
30252	0	0	8487720
30258	0	4	1100000
30264	0	0	5886193
30270	0	1	5110800
30276	0	0	3619200
30282	0	0	10555405
30288	0	1	14300000
30294	0	0	7264922
30300	0	3	6136864
30306	0	16	4000000
30312	0	0	7194232
30318	0	1	9401663
30324	0	1	5759732
30330	0	6	6522518
30336	1	3	10600000
30342	0	3	6418251
30348	0	2	7500000
30354	0	1	5233496
30360	1	2	30630848
30366	0	6	7286263
30372	0	1	11194600
30378	0	4	3640798
30384	0	0	7156605
30390	1	5	16748512
30396	13	2	16400000
30402	7	0	7700000
30408	0	0	4950000
30414	0	0	3624440
30420	0	0	6466434
30426	0	3	6700000
30432	0	2	4350000
30438	0	3	6888144
30444	1	4	6300000
30450	0	7	9500000
30456	0	3	7400000
